base_origin,feature,r_mean,r_std,is_significant,n_permutations
syn_LEA_1,nardini_Frac A_raw,-0.010334731348263643,0.12293882328927863,0.0,100
syn_LEA_1,nardini_Frac C_raw,-0.00938034487841243,0.28347686642163417,0.0,100
syn_LEA_1,nardini_Frac D_raw,-0.015410684550570333,0.12277141190357324,0.0,100
syn_LEA_1,nardini_Frac E_raw,0.00593940531255726,0.12213273325516516,0.0,100
syn_LEA_1,nardini_Frac F_raw,-0.04405664899350515,0.26640961752844955,0.0,100
syn_LEA_1,nardini_Frac G_raw,2.0999663629737084e-05,0.19087258056762008,0.0,100
syn_LEA_1,nardini_Frac H_raw,0.006214701437082874,0.18620224216454562,0.0,100
syn_LEA_1,nardini_Frac I_raw,0.03374085971426841,0.16205146343412188,0.0,100
syn_LEA_1,nardini_Frac K_raw,0.000860675197742982,0.14621219469526733,0.0,100
syn_LEA_1,nardini_Frac L_raw,0.02102280304991768,0.12563041321991175,0.0,100
syn_LEA_1,nardini_Frac M_raw,0.025308196662739552,0.1391875645941124,0.0,100
syn_LEA_1,nardini_Frac N_raw,0.0014039180785057892,0.13496674687648816,0.0,100
syn_LEA_1,nardini_Frac P_raw,-0.005881630945253538,0.21304158127843445,0.0,100
syn_LEA_1,nardini_Frac Q_raw,-0.006831647964899989,0.1401457165726875,0.0,100
syn_LEA_1,nardini_Frac R_raw,0.003978091410481648,0.13804129083453665,0.0,100
syn_LEA_1,nardini_Frac S_raw,-0.018185595062433807,0.17719417469921714,0.0,100
syn_LEA_1,nardini_Frac T_raw,0.012323140657614109,0.16061968446232047,0.0,100
syn_LEA_1,nardini_Frac V_raw,0.007984445365095218,0.1263122909166667,0.0,100
syn_LEA_1,nardini_Frac W_raw,-0.054672377486947206,0.3708843250538524,0.0,100
syn_LEA_1,nardini_Frac Y_raw,-0.042429870620723974,0.41991519355059737,0.0,100
syn_LEA_1,nardini_Frac K+R_raw,0.007174086148428336,0.20734989328151854,0.0,100
syn_LEA_1,nardini_Frac D+E_raw,0.0004255823916948978,0.1789355750711454,0.0,100
syn_LEA_1,nardini_Frac Polar_raw,-0.0034126135020056993,0.15355651794083075,0.0,100
syn_LEA_1,nardini_Frac Aliphatic_raw,0.0029789402779313756,0.16722494487613562,0.0,100
syn_LEA_1,nardini_Frac Aromatic_raw,-0.04737566323176009,0.22100098565126192,0.0,100
syn_LEA_1,nardini_R/K Ratio_raw,0.004602521526608674,0.10231203338880325,0.0,100
syn_LEA_1,nardini_E/D Ratio_raw,0.014616335192266652,0.12222311455984146,0.0,100
syn_LEA_1,nardini_Frac Chain Expanding_raw,-0.0056384923851853464,0.16760652577693996,0.0,100
syn_LEA_1,nardini_FCR_raw,-0.0020956496933169626,0.23294294520933906,0.0,100
syn_LEA_1,nardini_NCPR_raw,0.016419343138059442,0.22509248629107378,0.0,100
syn_LEA_1,nardini_Hydrophobicity_raw,0.021368010653685453,0.26625632165152435,0.0,100
syn_LEA_1,nardini_Disorder Promoting_raw,-0.018503935264269186,0.15856179184261576,0.0,100
syn_LEA_1,nardini_Iso point_raw,0.01275393536886034,0.18081097788873535,0.0,100
syn_LEA_1,nardini_PPII_raw,0.034944194858835154,0.31236739185358575,0.0,100
syn_LEA_1,nardini_A Patch_raw,-0.004286604534769707,0.18481041307033966,0.0,100
syn_LEA_1,nardini_E Patch_raw,-0.0343822535167436,0.285805462039779,0.0,100
syn_LEA_1,nardini_I Patch_raw,-0.041991899517018726,0.3846578083082382,0.0,100
syn_LEA_1,nardini_K Patch_raw,0.0062231567722262635,0.18175427162593577,0.0,100
syn_LEA_1,nardini_Q Patch_raw,-0.024397042407072505,0.4011917556174386,0.0,100
syn_LEA_1,nardini_Frac A_zscore,-0.009769072464769839,0.11445661679987895,0.0,100
syn_LEA_1,nardini_Frac D_zscore,-0.009787792336878714,0.09719894250537467,0.0,100
syn_LEA_1,nardini_Frac E_zscore,0.006952009504971664,0.12773964725874212,0.0,100
syn_LEA_1,nardini_Frac G_zscore,-0.02115843727917244,0.11063688292397605,0.0,100
syn_LEA_1,nardini_Frac H_zscore,0.019921915050764315,0.3695933692768166,0.0,100
syn_LEA_1,nardini_Frac I_zscore,-0.0020542511793229436,0.19210006379539246,0.0,100
syn_LEA_1,nardini_Frac K_zscore,-0.003602449367262256,0.15113703559760922,0.0,100
syn_LEA_1,nardini_Frac L_zscore,0.024834315104003822,0.13270938811679564,0.0,100
syn_LEA_1,nardini_Frac M_zscore,0.024251277130326532,0.13928581146014773,0.0,100
syn_LEA_1,nardini_Frac N_zscore,-0.010239439805316618,0.10545520488781569,0.0,100
syn_LEA_1,nardini_Frac P_zscore,-0.0052964448538420405,0.0992880899229686,0.0,100
syn_LEA_1,nardini_Frac Q_zscore,-0.015121173534373884,0.12628900781397978,0.0,100
syn_LEA_1,nardini_Frac R_zscore,-0.00918756879110722,0.09945633946362817,0.0,100
syn_LEA_1,nardini_Frac S_zscore,-0.016027930926191206,0.12015377444666704,0.0,100
syn_LEA_1,nardini_Frac T_zscore,-0.0028078881661714817,0.10261857137033091,0.0,100
syn_LEA_1,nardini_Frac V_zscore,0.0015557043104082319,0.12625757823250972,0.0,100
syn_LEA_1,nardini_Frac K+R_zscore,0.006524013608545438,0.21671890164243326,0.0,100
syn_LEA_1,nardini_Frac D+E_zscore,-0.006161927676550633,0.1774090974199783,0.0,100
syn_LEA_1,nardini_Frac Polar_zscore,-0.004204020536906146,0.09880520181251146,0.0,100
syn_LEA_1,nardini_Frac Aliphatic_zscore,0.007234652387588949,0.1658999908457505,0.0,100
syn_LEA_1,nardini_R/K Ratio_zscore,0.00604847115369725,0.1051594298110519,0.0,100
syn_LEA_1,nardini_E/D Ratio_zscore,0.021146781794033488,0.1397796821349304,0.0,100
syn_LEA_1,nardini_Frac Chain Expanding_zscore,-0.0038706508672276103,0.15398388238794736,0.0,100
syn_LEA_1,nardini_FCR_zscore,-0.0011082338826787143,0.23035965431491656,0.0,100
syn_LEA_1,nardini_NCPR_zscore,0.010402362224571053,0.2906921273693567,0.0,100
syn_LEA_1,nardini_Hydrophobicity_zscore,0.035651131446778124,0.18484674894533643,0.0,100
syn_LEA_1,nardini_Disorder Promoting_zscore,-0.016699343296087143,0.09122812756792995,0.0,100
syn_LEA_1,nardini_Iso point_zscore,0.009330141195377646,0.13526233904222162,0.0,100
syn_LEA_1,nardini_PPII_zscore,0.0028672706219136494,0.11902812400248684,0.0,100
syn_LEA_1,cider_kappa,0.023758091244472,0.1372180079002318,0.0,100
syn_LEA_1,cider_omega,0.006721188730444483,0.10141665097916992,0.0,100
syn_LEA_1,cider_delta,0.014613414847322011,0.13130325942886448,0.0,100
syn_LEA_1,cider_mean_net_charge,0.014980254172494639,0.21933591566051333,0.0,100
syn_LEA_1,cider_fraction_neutral,-0.002912861887749737,0.2293444232525443,0.0,100
syn_LEA_1,sparrow_SCD,-0.007970835878832135,0.08710013611401207,0.0,100
syn_LEA_1,sparrow_SHD,0.023637147593671397,0.3662118719416116,0.0,100
syn_LEA_1,sparrow_complexity,-0.005722997257219408,0.1863777215721798,0.0,100
syn_LEA_1,sparrow_scaled_rg,0.030720766974698343,0.3248791358940642,0.0,100
syn_LEA_1,sparrow_scaled_re,0.02714773570110192,0.2597472257074989,0.0,100
syn_LEA_1,sparrow_prefactor,-0.021663300209028468,0.24111050859960093,0.0,100
syn_LEA_1,sparrow_scaling_exponent,0.01864866525175375,0.2547748862076706,0.0,100
syn_LEA_1,sparrow_asphericity,0.020254348376891235,0.26709945058979645,0.0,100
syn_LEA_1,mpipi_epsilon_self,-0.003911583030014235,0.11175533592079208,0.0,100
syn_LEA_1,calvados_epsilon_self,-0.014940157331393087,0.11408383189888392,0.0,100
syn_LEA_1,avg_helix_prob,0.0006927554108012762,0.10496877080673996,0.0,100
syn_LEA_1,avg_beta_prob,0.019013198839444842,0.10107083786482607,0.0,100
syn_LEA_1,avg_coil_prob,-0.00400354180829715,0.12003417169634191,0.0,100
syn_LEA_1,avg_mito_targeting,-0.014557573780345669,0.29560952201815527,0.0,100
syn_LEA_1,avg_nes,0.00602178231156317,0.09274016002315863,0.0,100
syn_LEA_1,avg_nis,-0.0011947687820219022,0.09700185436831489,0.0,100
At2g46140_tile7,nardini_Frac A_raw,-0.009954031022145097,0.13660599299755807,0.0,100
At2g46140_tile7,nardini_Frac C_raw,0.003898652463089689,0.18431701967179273,0.0,100
At2g46140_tile7,nardini_Frac D_raw,0.010337550121040618,0.12969585890762875,0.0,100
At2g46140_tile7,nardini_Frac E_raw,-0.0052765822682695595,0.1395410583806786,0.0,100
At2g46140_tile7,nardini_Frac F_raw,0.01849071082583799,0.14047275202406767,0.0,100
At2g46140_tile7,nardini_Frac G_raw,0.009357384954545795,0.17627621244654323,0.0,100
At2g46140_tile7,nardini_Frac H_raw,0.004941300438748706,0.35474191560987195,0.0,100
At2g46140_tile7,nardini_Frac I_raw,0.025786076693945774,0.13554793801335138,0.0,100
At2g46140_tile7,nardini_Frac K_raw,-0.011451586436445853,0.12967683691948814,0.0,100
At2g46140_tile7,nardini_Frac L_raw,0.029424168447225424,0.13184152292343815,0.0,100
At2g46140_tile7,nardini_Frac M_raw,0.01110103944561424,0.12972879423152295,0.0,100
At2g46140_tile7,nardini_Frac N_raw,-0.050470536391642756,0.19501518887767835,0.0,100
At2g46140_tile7,nardini_Frac P_raw,0.03326085058785854,0.19263549946801675,0.0,100
At2g46140_tile7,nardini_Frac Q_raw,0.0050044715904183825,0.12716578332778514,0.0,100
At2g46140_tile7,nardini_Frac R_raw,0.021556381237433836,0.11557714236298622,0.0,100
At2g46140_tile7,nardini_Frac S_raw,-0.007795509536021472,0.13240904094228417,0.0,100
At2g46140_tile7,nardini_Frac T_raw,0.029963041921714915,0.1307522518261955,0.0,100
At2g46140_tile7,nardini_Frac V_raw,-0.009376006829511315,0.12779352736983293,0.0,100
At2g46140_tile7,nardini_Frac W_raw,0.005896750254342879,0.12893356632267583,0.0,100
At2g46140_tile7,nardini_Frac Y_raw,0.01281881262630844,0.11842733794599347,0.0,100
At2g46140_tile7,nardini_Frac K+R_raw,0.01733390952139755,0.20926748880084792,0.0,100
At2g46140_tile7,nardini_Frac D+E_raw,0.018947298063943685,0.20456307432002818,0.0,100
At2g46140_tile7,nardini_Frac Polar_raw,-0.0005303213289056847,0.1780003230618157,0.0,100
At2g46140_tile7,nardini_Frac Aliphatic_raw,-0.014839839157192112,0.18135720820740245,0.0,100
At2g46140_tile7,nardini_Frac Aromatic_raw,0.007299395119554286,0.1904670829277031,0.0,100
At2g46140_tile7,nardini_R/K Ratio_raw,0.007908856149914463,0.08944371882988851,0.0,100
At2g46140_tile7,nardini_E/D Ratio_raw,-0.00230037596820002,0.09517281659531486,0.0,100
At2g46140_tile7,nardini_Frac Chain Expanding_raw,0.035098960950865406,0.16730906418765307,0.0,100
At2g46140_tile7,nardini_FCR_raw,0.03431704808756888,0.24871216985775227,0.0,100
At2g46140_tile7,nardini_NCPR_raw,-0.0051719239562486715,0.08974455299733446,0.0,100
At2g46140_tile7,nardini_Hydrophobicity_raw,0.0008967965828008634,0.25630244987914086,0.0,100
At2g46140_tile7,nardini_Disorder Promoting_raw,-0.0003502954400853453,0.1432056448191826,0.0,100
At2g46140_tile7,nardini_Iso point_raw,0.010732559772427675,0.22080075410312397,0.0,100
At2g46140_tile7,nardini_PPII_raw,0.016180512467316818,0.3322864045278317,0.0,100
At2g46140_tile7,nardini_A Patch_raw,-0.039178928635782616,0.1871570794817112,0.0,100
At2g46140_tile7,nardini_D Patch_raw,0.0026068533725093247,0.20742433172581798,0.0,100
At2g46140_tile7,nardini_I Patch_raw,-0.02111516450211566,0.28634163708513943,0.0,100
At2g46140_tile7,nardini_K Patch_raw,-0.031067498607654197,0.3869431391392315,0.0,100
At2g46140_tile7,nardini_L Patch_raw,0.0029978684310374083,0.4276286499998221,0.0,100
At2g46140_tile7,nardini_S Patch_raw,-0.048935573566463136,0.308560757777971,0.0,100
At2g46140_tile7,nardini_T Patch_raw,-0.05656351753738049,0.28999172091568365,0.0,100
At2g46140_tile7,nardini_V Patch_raw,0.009761041200921824,0.09900895664499952,0.0,100
At2g46140_tile7,nardini_Frac A_zscore,-0.006094565443308323,0.09440431310436069,0.0,100
At2g46140_tile7,nardini_Frac C_zscore,-0.052784426937281664,0.27848666830270336,0.0,100
At2g46140_tile7,nardini_Frac D_zscore,0.0053912384201145625,0.1353823673184833,0.0,100
At2g46140_tile7,nardini_Frac E_zscore,0.00018344956194426027,0.09999141855375165,0.0,100
At2g46140_tile7,nardini_Frac F_zscore,0.011772822289855702,0.16952516443333682,0.0,100
At2g46140_tile7,nardini_Frac G_zscore,0.002742064038976475,0.1760851873998486,0.0,100
At2g46140_tile7,nardini_Frac I_zscore,0.015559495724076656,0.1689416503607356,0.0,100
At2g46140_tile7,nardini_Frac K_zscore,-0.012697710622445839,0.0952991748388673,0.0,100
At2g46140_tile7,nardini_Frac L_zscore,0.043785927874202796,0.16586695889191982,0.0,100
At2g46140_tile7,nardini_Frac M_zscore,0.012590218049546086,0.1310898540160477,0.0,100
At2g46140_tile7,nardini_Frac P_zscore,0.026710361607881147,0.18151040048057115,0.0,100
At2g46140_tile7,nardini_Frac Q_zscore,-0.013595845400852737,0.1065520888676212,0.0,100
At2g46140_tile7,nardini_Frac R_zscore,-0.016365263336314908,0.11710494501248982,0.0,100
At2g46140_tile7,nardini_Frac S_zscore,-0.012591349396661913,0.08877990381565967,0.0,100
At2g46140_tile7,nardini_Frac T_zscore,0.003875011566503369,0.18552398763073152,0.0,100
At2g46140_tile7,nardini_Frac V_zscore,-0.005026178343702016,0.142580977186306,0.0,100
At2g46140_tile7,nardini_Frac W_zscore,-0.017465270606762232,0.3117807658607091,0.0,100
At2g46140_tile7,nardini_Frac Y_zscore,0.012828608749496378,0.22786594666709484,0.0,100
At2g46140_tile7,nardini_Frac K+R_zscore,-0.001961010891706622,0.09701620129761739,0.0,100
At2g46140_tile7,nardini_Frac D+E_zscore,0.0032878059633386927,0.09259045956895384,0.0,100
At2g46140_tile7,nardini_Frac Polar_zscore,-0.002523411284708664,0.10274999563668034,0.0,100
At2g46140_tile7,nardini_Frac Aliphatic_zscore,-0.017080891201970073,0.17797175971661333,0.0,100
At2g46140_tile7,nardini_Frac Aromatic_zscore,0.006933171558990886,0.22224391977628227,0.0,100
At2g46140_tile7,nardini_R/K Ratio_zscore,0.011453644976050647,0.09152777660074582,0.0,100
At2g46140_tile7,nardini_E/D Ratio_zscore,0.0012700514797034867,0.09518984136559733,0.0,100
At2g46140_tile7,nardini_Frac Chain Expanding_zscore,0.020252348489127745,0.0905265653810813,0.0,100
At2g46140_tile7,nardini_FCR_zscore,0.003482730241761451,0.0959123842198817,0.0,100
At2g46140_tile7,nardini_NCPR_zscore,-0.0007992129450062292,0.09277052951010509,0.0,100
At2g46140_tile7,nardini_Hydrophobicity_zscore,0.0021800290041228245,0.25444565360481286,0.0,100
At2g46140_tile7,nardini_Disorder Promoting_zscore,0.008348931789272358,0.09492316258823927,0.0,100
At2g46140_tile7,nardini_Iso point_zscore,-0.006744644553203512,0.09103813376400406,0.0,100
At2g46140_tile7,nardini_PPII_zscore,-0.0007372969637168432,0.08564277771116095,0.0,100
At2g46140_tile7,nardini_V Patch_zscore,-0.05685343075855162,0.298089601647788,0.0,100
At2g46140_tile7,cider_kappa,0.0038440838412267973,0.12344659331394704,0.0,100
At2g46140_tile7,cider_omega,-0.009867624436170879,0.11839480579564118,0.0,100
At2g46140_tile7,cider_delta,-0.0007764778836899586,0.11969196435897797,0.0,100
At2g46140_tile7,cider_mean_net_charge,0.01574567729159498,0.22195536160010265,0.0,100
At2g46140_tile7,cider_fraction_neutral,-0.04364493864525356,0.2552764589304599,0.0,100
At2g46140_tile7,sparrow_SCD,0.005047013377686816,0.0902037347257285,0.0,100
At2g46140_tile7,sparrow_SHD,0.003122520029207707,0.18481483592405082,0.0,100
At2g46140_tile7,sparrow_complexity,0.007162079909612854,0.18072932429029973,0.0,100
At2g46140_tile7,sparrow_scaled_rg,-0.011124749238111657,0.3844043570619865,0.0,100
At2g46140_tile7,sparrow_scaled_re,0.0022135930261212044,0.2935590821288782,0.0,100
At2g46140_tile7,sparrow_prefactor,0.015087943784323503,0.18225773982222634,0.0,100
At2g46140_tile7,sparrow_scaling_exponent,-0.015785980852691128,0.328674634417022,0.0,100
At2g46140_tile7,mpipi_epsilon_self,-0.0032902387800668783,0.09693460343431316,0.0,100
At2g46140_tile7,calvados_epsilon_self,-0.0038166343985815473,0.08964974906477621,0.0,100
At2g46140_tile7,avg_helix_prob,0.00690309147617698,0.0931526112000325,0.0,100
At2g46140_tile7,avg_beta_prob,0.009655529905973759,0.11185996371954855,0.0,100
At2g46140_tile7,avg_coil_prob,-5.6850225319719296e-05,0.10601091997267943,0.0,100
At2g46140_tile7,avg_mito_targeting,-0.01144126072987593,0.09731330394338036,0.0,100
At2g46140_tile7,avg_nes,0.01632879769178362,0.09101489738557615,0.0,100
At2g46140_tile7,avg_nis,-0.0032206074927490715,0.09568171403363053,0.0,100
TgL_8x,nardini_Frac A_raw,-0.0019040412910140648,0.09070637950582136,0.0,100
TgL_8x,nardini_Frac C_raw,0.01216263859140116,0.18285822225533982,0.0,100
TgL_8x,nardini_Frac D_raw,-0.012549665123742297,0.08098551635602506,0.0,100
TgL_8x,nardini_Frac E_raw,0.0030272097711711134,0.08937307903679001,0.0,100
TgL_8x,nardini_Frac F_raw,-0.0109654145872172,0.13028220783145095,0.0,100
TgL_8x,nardini_Frac G_raw,0.007991031862846627,0.12142287230408114,0.0,100
TgL_8x,nardini_Frac H_raw,0.002622469752982467,0.17355081244961046,0.0,100
TgL_8x,nardini_Frac I_raw,-0.011039662707001416,0.1396390119115653,0.0,100
TgL_8x,nardini_Frac K_raw,0.005420291741871954,0.10048220463109175,0.0,100
TgL_8x,nardini_Frac L_raw,0.01336927954317079,0.08502305295909415,0.0,100
TgL_8x,nardini_Frac M_raw,-0.008559908841814961,0.09359365242070156,0.0,100
TgL_8x,nardini_Frac N_raw,0.007461969564521531,0.08672434459233035,0.0,100
TgL_8x,nardini_Frac P_raw,0.009463333274301673,0.13118801088416684,0.0,100
TgL_8x,nardini_Frac Q_raw,-0.00043369064659575825,0.09327281706525133,0.0,100
TgL_8x,nardini_Frac R_raw,-0.0012623141096993412,0.11431385140193488,0.0,100
TgL_8x,nardini_Frac S_raw,-0.0106797407204744,0.1087569231758554,0.0,100
TgL_8x,nardini_Frac T_raw,0.0023026142341618667,0.0926309198385402,0.0,100
TgL_8x,nardini_Frac V_raw,0.01013848373624708,0.1013394047335718,0.0,100
TgL_8x,nardini_Frac W_raw,0.004583838669126605,0.0951008998352134,0.0,100
TgL_8x,nardini_Frac Y_raw,0.005761466422032591,0.15177396765455184,0.0,100
TgL_8x,nardini_Frac K+R_raw,0.004172442672100688,0.12067628790769665,0.0,100
TgL_8x,nardini_Frac D+E_raw,-0.024695413634252362,0.11567676904947392,0.0,100
TgL_8x,nardini_Frac Polar_raw,0.0035552544950118187,0.09948074874669177,0.0,100
TgL_8x,nardini_Frac Aliphatic_raw,-0.0039167998687489915,0.1241341710268274,0.0,100
TgL_8x,nardini_Frac Aromatic_raw,0.015829766465528673,0.12813494065917835,0.0,100
TgL_8x,nardini_R/K Ratio_raw,-0.00500951435977813,0.06939461130577115,0.0,100
TgL_8x,nardini_E/D Ratio_raw,-0.007170771210428464,0.06155004623092867,0.0,100
TgL_8x,nardini_Frac Chain Expanding_raw,-0.005372926345454824,0.0935373084067049,0.0,100
TgL_8x,nardini_FCR_raw,-0.015742061920420145,0.13526541930246175,0.0,100
TgL_8x,nardini_NCPR_raw,0.01796482794319845,0.13707628466561486,0.0,100
TgL_8x,nardini_Hydrophobicity_raw,0.0052022935623305235,0.21123884540379748,0.0,100
TgL_8x,nardini_Disorder Promoting_raw,-0.009512828434179199,0.09967886516488168,0.0,100
TgL_8x,nardini_Iso point_raw,0.013280960210977718,0.11804649326056157,0.0,100
TgL_8x,nardini_PPII_raw,0.0035297174412984374,0.12475604085798504,0.0,100
TgL_8x,nardini_A Patch_raw,-0.006150312622618483,0.12316507358229369,0.0,100
TgL_8x,nardini_D Patch_raw,0.004859518312302482,0.22718042307287947,0.0,100
TgL_8x,nardini_G Patch_raw,0.015672681501081427,0.28254127115787764,0.0,100
TgL_8x,nardini_K Patch_raw,0.0016079694899986865,0.1328617272454735,0.0,100
TgL_8x,nardini_N Patch_raw,0.058802837421254084,0.39722184880925177,0.0,100
TgL_8x,nardini_P Patch_raw,-0.005504893678059972,0.28009542530840703,0.0,100
TgL_8x,nardini_Q Patch_raw,0.02981343551705813,0.2732181960203427,0.0,100
TgL_8x,nardini_S Patch_raw,0.02258722275191226,0.19659789068089162,0.0,100
TgL_8x,nardini_T Patch_raw,0.0008959829171461709,0.3709822695358757,0.0,100
TgL_8x,nardini_Frac A_zscore,-0.0015052705577318836,0.08747227913415846,0.0,100
TgL_8x,nardini_Frac D_zscore,-0.00246440918846057,0.0841649987970183,0.0,100
TgL_8x,nardini_Frac G_zscore,0.007853181271175147,0.12234822722922425,0.0,100
TgL_8x,nardini_Frac K_zscore,0.014648856971089717,0.10114340442360648,0.0,100
TgL_8x,nardini_Frac L_zscore,0.01240924364841859,0.10770216422247698,0.0,100
TgL_8x,nardini_Frac M_zscore,-0.005486550842045314,0.06704247948066819,0.0,100
TgL_8x,nardini_Frac N_zscore,0.0131451819700013,0.1071346209773443,0.0,100
TgL_8x,nardini_Frac Q_zscore,-0.0030985435098390855,0.10771367124461033,0.0,100
TgL_8x,nardini_Frac S_zscore,-0.010197241369453049,0.06977300606180907,0.0,100
TgL_8x,nardini_Frac W_zscore,0.010721435360774854,0.11663394192875154,0.0,100
TgL_8x,nardini_Frac K+R_zscore,0.021529030010177676,0.12636874217917257,0.0,100
TgL_8x,nardini_Frac D+E_zscore,-0.0013506888857295796,0.059810014685343214,0.0,100
TgL_8x,nardini_Frac Polar_zscore,-0.0020524123610782485,0.05937206486310546,0.0,100
TgL_8x,nardini_Frac Aliphatic_zscore,0.00473581210642295,0.1129210219653765,0.0,100
TgL_8x,nardini_Frac Aromatic_zscore,-0.02172410044419329,0.15577627864197496,0.0,100
TgL_8x,nardini_R/K Ratio_zscore,-0.008330344082561366,0.06972199805139756,0.0,100
TgL_8x,nardini_E/D Ratio_zscore,-0.007974265297782817,0.06228876322734082,0.0,100
TgL_8x,nardini_Frac Chain Expanding_zscore,-0.0033553581964179844,0.0647242175585335,0.0,100
TgL_8x,nardini_FCR_zscore,0.003046859292323311,0.05846984677308189,0.0,100
TgL_8x,nardini_NCPR_zscore,0.022643523925598003,0.14705077683188925,0.0,100
TgL_8x,nardini_Hydrophobicity_zscore,-0.011019981249354754,0.08158900522588179,0.0,100
TgL_8x,nardini_Disorder Promoting_zscore,-0.016173856401324856,0.06724335227277557,0.0,100
TgL_8x,nardini_Iso point_zscore,0.008669066951369162,0.10315744113499005,0.0,100
TgL_8x,nardini_PPII_zscore,-0.0016343940477141175,0.06297445268939396,0.0,100
TgL_8x,cider_kappa,0.008444263969857792,0.07557359469306658,0.0,100
TgL_8x,cider_omega,0.0001682407465806322,0.06946237300891868,0.0,100
TgL_8x,cider_delta,0.006769609641991756,0.07635096541183814,0.0,100
TgL_8x,cider_mean_net_charge,-0.00286614587292626,0.15532789066743571,0.0,100
TgL_8x,cider_fraction_neutral,0.025646892250954383,0.15255210556015655,0.0,100
TgL_8x,sparrow_SCD,-0.0024602242258162294,0.08041641419005394,0.0,100
TgL_8x,sparrow_SHD,0.009461956648422268,0.14889662753609587,0.0,100
TgL_8x,sparrow_complexity,-0.03640220186720952,0.16854723895932572,0.0,100
TgL_8x,sparrow_scaled_rg,-0.024371297091201463,0.10210136659533431,0.0,100
TgL_8x,sparrow_scaled_re,-0.018051799376539442,0.09429812373345892,0.0,100
TgL_8x,sparrow_prefactor,0.01280217788739501,0.11920446188553097,0.0,100
TgL_8x,sparrow_scaling_exponent,-0.02697870243302197,0.10487184457175446,0.0,100
TgL_8x,sparrow_asphericity,-0.019619634548193318,0.10103105607553539,0.0,100
TgL_8x,mpipi_epsilon_self,-0.006008030917211174,0.07085344195410928,0.0,100
TgL_8x,calvados_epsilon_self,-0.01299616418083876,0.0712533845807402,0.0,100
TgL_8x,avg_helix_prob,0.006096674771189689,0.07461684111814204,0.0,100
TgL_8x,avg_beta_prob,0.00438469197481982,0.07029681792117252,0.0,100
TgL_8x,avg_coil_prob,-0.009061025880015972,0.07084950947344809,0.0,100
TgL_8x,avg_mito_targeting,0.012688856595788165,0.2182207201540421,0.0,100
TgL_8x,avg_nes,-0.013240627485589511,0.06113927858775664,0.0,100
TgL_8x,avg_nis,0.004530009951478936,0.05635035664505442,0.0,100
Os_LEA_or3__Kappa_up_2_,nardini_Frac A_raw,0.020758603771298206,0.10548679642616818,0.0,100
Os_LEA_or3__Kappa_up_2_,nardini_Frac C_raw,0.017413331173332137,0.41944791540390597,0.0,100
Os_LEA_or3__Kappa_up_2_,nardini_Frac D_raw,0.004795259826795482,0.09139873262007138,0.0,100
Os_LEA_or3__Kappa_up_2_,nardini_Frac E_raw,-0.003986573036965048,0.09763125097314293,0.0,100
Os_LEA_or3__Kappa_up_2_,nardini_Frac F_raw,0.025747519874547074,0.1449519929132985,0.0,100
Os_LEA_or3__Kappa_up_2_,nardini_Frac G_raw,0.03189015697301352,0.14130372419485002,0.0,100
Os_LEA_or3__Kappa_up_2_,nardini_Frac H_raw,0.007094135478119636,0.31195872859291257,0.0,100
Os_LEA_or3__Kappa_up_2_,nardini_Frac I_raw,-0.015345465441550974,0.19336670397915418,0.0,100
Os_LEA_or3__Kappa_up_2_,nardini_Frac K_raw,-0.02618934693651308,0.08010464580065015,0.0,100
Os_LEA_or3__Kappa_up_2_,nardini_Frac L_raw,-0.004178538677793998,0.09299507798669258,0.0,100
Os_LEA_or3__Kappa_up_2_,nardini_Frac M_raw,0.0026426181337900405,0.12041624046974418,0.0,100
Os_LEA_or3__Kappa_up_2_,nardini_Frac N_raw,0.02573097973128813,0.0857933525081616,0.0,100
Os_LEA_or3__Kappa_up_2_,nardini_Frac P_raw,0.02185359975086403,0.13394709873926688,0.0,100
Os_LEA_or3__Kappa_up_2_,nardini_Frac Q_raw,0.03261574178689945,0.09015393081834769,0.0,100
Os_LEA_or3__Kappa_up_2_,nardini_Frac R_raw,0.01342780131748441,0.08075367764861481,0.0,100
Os_LEA_or3__Kappa_up_2_,nardini_Frac S_raw,-0.02468445067522848,0.10944537356527348,0.0,100
Os_LEA_or3__Kappa_up_2_,nardini_Frac T_raw,0.006753513288595558,0.10518062255538013,0.0,100
Os_LEA_or3__Kappa_up_2_,nardini_Frac V_raw,-0.02094533938730328,0.09918504138332679,0.0,100
Os_LEA_or3__Kappa_up_2_,nardini_Frac W_raw,0.03873611398424276,0.34523155315149867,0.0,100
Os_LEA_or3__Kappa_up_2_,nardini_Frac Y_raw,-0.01310332228286158,0.10716135145598098,0.0,100
Os_LEA_or3__Kappa_up_2_,nardini_Frac K+R_raw,-0.018631822691373087,0.14359813914936007,0.0,100
Os_LEA_or3__Kappa_up_2_,nardini_Frac D+E_raw,0.010884245054142351,0.12951729455595584,0.0,100
Os_LEA_or3__Kappa_up_2_,nardini_Frac Polar_raw,0.012616625278599483,0.11569997019414364,0.0,100
Os_LEA_or3__Kappa_up_2_,nardini_Frac Aliphatic_raw,-0.01535018613689046,0.15021916548594808,0.0,100
Os_LEA_or3__Kappa_up_2_,nardini_Frac Aromatic_raw,-0.019465383714484676,0.15147514419971816,0.0,100
Os_LEA_or3__Kappa_up_2_,nardini_R/K Ratio_raw,0.012263192896697589,0.05888387139615691,0.0,100
Os_LEA_or3__Kappa_up_2_,nardini_E/D Ratio_raw,-0.0010142681952097497,0.06604703096359074,0.0,100
Os_LEA_or3__Kappa_up_2_,nardini_Frac Chain Expanding_raw,-0.009798014318261501,0.11304194195782809,0.0,100
Os_LEA_or3__Kappa_up_2_,nardini_FCR_raw,0.0183941807699489,0.1766666070465689,0.0,100
Os_LEA_or3__Kappa_up_2_,nardini_NCPR_raw,-0.02583858680069754,0.17038646716579692,0.0,100
Os_LEA_or3__Kappa_up_2_,nardini_Hydrophobicity_raw,-0.06319288151111371,0.24012642069612272,0.0,100
Os_LEA_or3__Kappa_up_2_,nardini_Disorder Promoting_raw,-0.012011457105426728,0.12824660087310116,0.0,100
Os_LEA_or3__Kappa_up_2_,nardini_Iso point_raw,-0.029954271846691815,0.1893126065091279,0.0,100
Os_LEA_or3__Kappa_up_2_,nardini_PPII_raw,0.0059214276810508094,0.14363346672650174,0.0,100
Os_LEA_or3__Kappa_up_2_,nardini_A Patch_raw,0.008185576540648179,0.06447440329011327,0.0,100
Os_LEA_or3__Kappa_up_2_,nardini_D Patch_raw,-0.03180228853348025,0.1814173254968476,0.0,100
Os_LEA_or3__Kappa_up_2_,nardini_E Patch_raw,0.010348050160746684,0.3512050383055363,0.0,100
Os_LEA_or3__Kappa_up_2_,nardini_K Patch_raw,-0.006894048184158377,0.11418357960961548,0.0,100
Os_LEA_or3__Kappa_up_2_,nardini_N Patch_raw,-0.011166795216970844,0.3140819013247014,0.0,100
Os_LEA_or3__Kappa_up_2_,nardini_Q Patch_raw,0.06018939960184004,0.2581613967612264,0.0,100
Os_LEA_or3__Kappa_up_2_,nardini_R Patch_raw,-0.022328030875876967,0.2701834851442131,0.0,100
Os_LEA_or3__Kappa_up_2_,nardini_S Patch_raw,-0.0015451936021906715,0.2629930189353517,0.0,100
Os_LEA_or3__Kappa_up_2_,nardini_T Patch_raw,0.02925782276061822,0.23612671121374046,0.0,100
Os_LEA_or3__Kappa_up_2_,nardini_Frac A_zscore,0.021660196709386716,0.09450054326038095,0.0,100
Os_LEA_or3__Kappa_up_2_,nardini_Frac D_zscore,0.006157727656706943,0.10063093108441817,0.0,100
Os_LEA_or3__Kappa_up_2_,nardini_Frac E_zscore,0.000792713352324036,0.0682788834912085,0.0,100
Os_LEA_or3__Kappa_up_2_,nardini_Frac G_zscore,-0.005969365962425397,0.06712438392945823,0.0,100
Os_LEA_or3__Kappa_up_2_,nardini_Frac K_zscore,-0.019512881116265774,0.08300624060178123,0.0,100
Os_LEA_or3__Kappa_up_2_,nardini_Frac L_zscore,-0.0025295535016853585,0.06682910982429452,0.0,100
Os_LEA_or3__Kappa_up_2_,nardini_Frac M_zscore,-0.0031863455653061367,0.06066385751729463,0.0,100
Os_LEA_or3__Kappa_up_2_,nardini_Frac N_zscore,0.015736676781889752,0.07040428626475871,0.0,100
Os_LEA_or3__Kappa_up_2_,nardini_Frac Q_zscore,0.017379870662453452,0.06559351977521288,0.0,100
Os_LEA_or3__Kappa_up_2_,nardini_Frac R_zscore,0.006694017150461928,0.10967834707451322,0.0,100
Os_LEA_or3__Kappa_up_2_,nardini_Frac S_zscore,-0.013813731435268818,0.060845873264691035,0.0,100
Os_LEA_or3__Kappa_up_2_,nardini_Frac T_zscore,0.013076158270661515,0.1060670458292432,0.0,100
Os_LEA_or3__Kappa_up_2_,nardini_Frac V_zscore,-0.015490825507635642,0.0655118911202127,0.0,100
Os_LEA_or3__Kappa_up_2_,nardini_Frac Y_zscore,0.02065164850692109,0.23877793869569186,0.0,100
Os_LEA_or3__Kappa_up_2_,nardini_Frac K+R_zscore,-0.005847842659457526,0.146802268721186,0.0,100
Os_LEA_or3__Kappa_up_2_,nardini_Frac D+E_zscore,0.01611213360264678,0.1523874935189018,0.0,100
Os_LEA_or3__Kappa_up_2_,nardini_Frac Polar_zscore,0.005821888429705273,0.06444354900452083,0.0,100
Os_LEA_or3__Kappa_up_2_,nardini_Frac Aliphatic_zscore,-0.00811181886957112,0.14168739007956588,0.0,100
Os_LEA_or3__Kappa_up_2_,nardini_Frac Aromatic_zscore,-0.028794952998624498,0.3542899320638002,0.0,100
Os_LEA_or3__Kappa_up_2_,nardini_R/K Ratio_zscore,0.009414464606968778,0.061070249197669194,0.0,100
Os_LEA_or3__Kappa_up_2_,nardini_E/D Ratio_zscore,0.0004757775102199133,0.06972284782809587,0.0,100
Os_LEA_or3__Kappa_up_2_,nardini_Frac Chain Expanding_zscore,-0.0057397431535171324,0.11278695791892347,0.0,100
Os_LEA_or3__Kappa_up_2_,nardini_FCR_zscore,0.023459158092938127,0.20809720040515814,0.0,100
Os_LEA_or3__Kappa_up_2_,nardini_Hydrophobicity_zscore,-0.0015498427987900196,0.0617718797937649,0.0,100
Os_LEA_or3__Kappa_up_2_,nardini_Disorder Promoting_zscore,-0.010735208215004179,0.09762979391823066,0.0,100
Os_LEA_or3__Kappa_up_2_,nardini_Iso point_zscore,0.0008258408999155237,0.061292528388833374,0.0,100
Os_LEA_or3__Kappa_up_2_,nardini_PPII_zscore,-0.010429741052689765,0.05961963863559536,0.0,100
Os_LEA_or3__Kappa_up_2_,nardini_A Patch_zscore,-0.001203403518954439,0.09361917196103522,0.0,100
Os_LEA_or3__Kappa_up_2_,cider_kappa,-0.007836670471258864,0.09059231934532479,0.0,100
Os_LEA_or3__Kappa_up_2_,cider_omega,0.007943358910150508,0.06458523891137562,0.0,100
Os_LEA_or3__Kappa_up_2_,cider_delta,-0.003741325304066451,0.08707351255868297,0.0,100
Os_LEA_or3__Kappa_up_2_,cider_mean_net_charge,-0.007986828385738833,0.2060653748821548,0.0,100
Os_LEA_or3__Kappa_up_2_,cider_fraction_neutral,-0.01311590323751193,0.1967245771956194,0.0,100
Os_LEA_or3__Kappa_up_2_,sparrow_SCD,-0.0018288168180299817,0.06908447872739959,0.0,100
Os_LEA_or3__Kappa_up_2_,sparrow_SHD,-0.022317391282150153,0.12648318336356465,0.0,100
Os_LEA_or3__Kappa_up_2_,sparrow_complexity,-0.020771540038211724,0.14317998010568012,0.0,100
Os_LEA_or3__Kappa_up_2_,sparrow_scaled_rg,-0.005812133820946947,0.12487718254936617,0.0,100
Os_LEA_or3__Kappa_up_2_,sparrow_scaled_re,-0.009440082854457793,0.10648299155504229,0.0,100
Os_LEA_or3__Kappa_up_2_,sparrow_prefactor,0.0075548956629026545,0.16394055535914848,0.0,100
Os_LEA_or3__Kappa_up_2_,sparrow_scaling_exponent,-0.0008051205112970565,0.15931693547293288,0.0,100
Os_LEA_or3__Kappa_up_2_,sparrow_asphericity,-0.0015376835168471785,0.14970453465941289,0.0,100
Os_LEA_or3__Kappa_up_2_,mpipi_epsilon_self,-0.01620363006936087,0.0679138441583859,0.0,100
Os_LEA_or3__Kappa_up_2_,calvados_epsilon_self,-0.010222026115903641,0.07662946083415673,0.0,100
Os_LEA_or3__Kappa_up_2_,avg_helix_prob,0.015581910251680781,0.06556652321821582,0.0,100
Os_LEA_or3__Kappa_up_2_,avg_beta_prob,-0.001668385278795363,0.07360951649240308,0.0,100
Os_LEA_or3__Kappa_up_2_,avg_coil_prob,-0.017021364102908335,0.06616127622761302,0.0,100
Os_LEA_or3__Kappa_up_2_,avg_nes,0.013867314273294063,0.06802459360434988,0.0,100
Os_LEA_or3__Kappa_up_2_,avg_nis,-0.006503454324488597,0.06801797637638396,0.0,100
CAHS_68135_tile4,nardini_Frac A_raw,0.003380475133011376,0.09101119302911292,0.0,100
CAHS_68135_tile4,nardini_Frac C_raw,0.0054529971965858026,0.24476021443964013,0.0,100
CAHS_68135_tile4,nardini_Frac D_raw,-0.022923101733572232,0.07927880043153815,0.0,100
CAHS_68135_tile4,nardini_Frac E_raw,-0.006954562524658477,0.08023180626162948,0.0,100
CAHS_68135_tile4,nardini_Frac F_raw,0.004341411667834163,0.09186153743690119,0.0,100
CAHS_68135_tile4,nardini_Frac G_raw,-0.005604476383109732,0.09330906649510144,0.0,100
CAHS_68135_tile4,nardini_Frac H_raw,-0.010161482319414184,0.10478592785403287,0.0,100
CAHS_68135_tile4,nardini_Frac I_raw,0.007232931015714698,0.08251491110343234,0.0,100
CAHS_68135_tile4,nardini_Frac K_raw,-0.0006804004268071717,0.08382526459657749,0.0,100
CAHS_68135_tile4,nardini_Frac L_raw,0.004288297284667185,0.09318649090030355,0.0,100
CAHS_68135_tile4,nardini_Frac M_raw,-0.013410457636470963,0.10989914673279601,0.0,100
CAHS_68135_tile4,nardini_Frac N_raw,0.012819580644846958,0.079498727205681,0.0,100
CAHS_68135_tile4,nardini_Frac P_raw,-0.0024624048552068815,0.10585511553442986,0.0,100
CAHS_68135_tile4,nardini_Frac Q_raw,0.00530623273018051,0.07582970840570928,0.0,100
CAHS_68135_tile4,nardini_Frac R_raw,0.0041228919345199086,0.08166462669861073,0.0,100
CAHS_68135_tile4,nardini_Frac S_raw,-0.00198059944198832,0.08536448680533566,0.0,100
CAHS_68135_tile4,nardini_Frac T_raw,0.004740633107865803,0.09722398667876189,0.0,100
CAHS_68135_tile4,nardini_Frac V_raw,0.0036278622505171356,0.08554520570962083,0.0,100
CAHS_68135_tile4,nardini_Frac W_raw,0.004937356212765179,0.09175984166259746,0.0,100
CAHS_68135_tile4,nardini_Frac Y_raw,-0.04290529346309109,0.18049296229900053,0.0,100
CAHS_68135_tile4,nardini_Frac K+R_raw,0.0009100076800610688,0.13339498963095156,0.0,100
CAHS_68135_tile4,nardini_Frac D+E_raw,-0.03838197469754025,0.1263319688988585,0.0,100
CAHS_68135_tile4,nardini_Frac Polar_raw,0.009855100653710876,0.08823875233699272,0.0,100
CAHS_68135_tile4,nardini_Frac Aliphatic_raw,-0.00921415407715443,0.10890198534494182,0.0,100
CAHS_68135_tile4,nardini_Frac Aromatic_raw,-0.005643423893089869,0.11252019672939985,0.0,100
CAHS_68135_tile4,nardini_R/K Ratio_raw,0.006316191458330549,0.06290011233744361,0.0,100
CAHS_68135_tile4,nardini_E/D Ratio_raw,0.011724109648222063,0.05908700041308292,0.0,100
CAHS_68135_tile4,nardini_Frac Chain Expanding_raw,-0.013201794025683347,0.11374529733420503,0.0,100
CAHS_68135_tile4,nardini_FCR_raw,-0.022527962059600982,0.16532847509076679,0.0,100
CAHS_68135_tile4,nardini_NCPR_raw,0.028996961902427603,0.14452882783502552,0.0,100
CAHS_68135_tile4,nardini_Hydrophobicity_raw,0.04719659782989744,0.24319713941717108,0.0,100
CAHS_68135_tile4,nardini_Disorder Promoting_raw,-0.014889521323534684,0.09118505029995132,0.0,100
CAHS_68135_tile4,nardini_Iso point_raw,0.03230307793832544,0.17201239772595445,0.0,100
CAHS_68135_tile4,nardini_PPII_raw,0.0014761121267057387,0.15473612893630018,0.0,100
CAHS_68135_tile4,nardini_A Patch_raw,0.003890828540095624,0.09138348707601884,0.0,100
CAHS_68135_tile4,nardini_D Patch_raw,-0.0074661978290087964,0.25605551315243025,0.0,100
CAHS_68135_tile4,nardini_E Patch_raw,-0.0698292959920638,0.2987245062616529,0.0,100
CAHS_68135_tile4,nardini_G Patch_raw,-0.044647833578167456,0.26864190719758013,0.0,100
CAHS_68135_tile4,nardini_K Patch_raw,6.011170327726856e-06,0.0874548839562119,0.0,100
CAHS_68135_tile4,nardini_N Patch_raw,-0.02599104106034518,0.3402971831749904,0.0,100
CAHS_68135_tile4,nardini_Q Patch_raw,0.006178897571253545,0.2667331508490934,0.0,100
CAHS_68135_tile4,nardini_R Patch_raw,-0.04626964612055466,0.3856895430973062,0.0,100
CAHS_68135_tile4,nardini_S Patch_raw,-0.007515172167965738,0.16500139220662866,0.0,100
CAHS_68135_tile4,nardini_T Patch_raw,-0.01446175538295502,0.32522516837396603,0.0,100
CAHS_68135_tile4,nardini_Frac A_zscore,0.001353242457335011,0.07626438716597664,0.0,100
CAHS_68135_tile4,nardini_Frac D_zscore,-0.018058015634577,0.08025883863027533,0.0,100
CAHS_68135_tile4,nardini_Frac E_zscore,-0.00012727369340793476,0.061128431313000255,0.0,100
CAHS_68135_tile4,nardini_Frac F_zscore,0.007840823173870663,0.0716946194198754,0.0,100
CAHS_68135_tile4,nardini_Frac G_zscore,-0.005067713857520909,0.08979685148780796,0.0,100
CAHS_68135_tile4,nardini_Frac H_zscore,-0.0035220794683948615,0.06273648076512155,0.0,100
CAHS_68135_tile4,nardini_Frac I_zscore,-0.0010488078074720893,0.07119977135628841,0.0,100
CAHS_68135_tile4,nardini_Frac K_zscore,0.001488290693098123,0.08340726708817954,0.0,100
CAHS_68135_tile4,nardini_Frac L_zscore,-0.002928469976272166,0.07580180642743338,0.0,100
CAHS_68135_tile4,nardini_Frac M_zscore,0.0034296805592088715,0.058965684120831925,0.0,100
CAHS_68135_tile4,nardini_Frac N_zscore,0.003605190400232004,0.06927387128596978,0.0,100
CAHS_68135_tile4,nardini_Frac P_zscore,-0.0023349032686685732,0.06584544163298947,0.0,100
CAHS_68135_tile4,nardini_Frac Q_zscore,0.0013006054814736785,0.1100201402613354,0.0,100
CAHS_68135_tile4,nardini_Frac R_zscore,0.011815094686026168,0.06889146436482482,0.0,100
CAHS_68135_tile4,nardini_Frac S_zscore,0.0036495270142339786,0.06601520080267267,0.0,100
CAHS_68135_tile4,nardini_Frac T_zscore,0.007537719814046615,0.06268770430949383,0.0,100
CAHS_68135_tile4,nardini_Frac V_zscore,-0.004760554878846189,0.08964579618475324,0.0,100
CAHS_68135_tile4,nardini_Frac K+R_zscore,0.005672164890008562,0.12491635775043504,0.0,100
CAHS_68135_tile4,nardini_Frac D+E_zscore,-0.030533444350626517,0.12560425338285094,0.0,100
CAHS_68135_tile4,nardini_Frac Polar_zscore,0.006857851883997454,0.05555945100635175,0.0,100
CAHS_68135_tile4,nardini_Frac Aliphatic_zscore,-0.0018246337978117361,0.1002592674264318,0.0,100
CAHS_68135_tile4,nardini_Frac Aromatic_zscore,-0.0035957095794036105,0.05679471387682516,0.0,100
CAHS_68135_tile4,nardini_R/K Ratio_zscore,0.0037293403143077715,0.06567112983752453,0.0,100
CAHS_68135_tile4,nardini_E/D Ratio_zscore,0.010960501703899218,0.06093457475709661,0.0,100
CAHS_68135_tile4,nardini_Frac Chain Expanding_zscore,-0.012247562517189236,0.08967132817938375,0.0,100
CAHS_68135_tile4,nardini_FCR_zscore,-0.014578647929118655,0.1652792009483007,0.0,100
CAHS_68135_tile4,nardini_NCPR_zscore,0.032551024405454376,0.14725857598231493,0.0,100
CAHS_68135_tile4,nardini_Hydrophobicity_zscore,0.004908757089141044,0.0825811839521391,0.0,100
CAHS_68135_tile4,nardini_Disorder Promoting_zscore,-0.005222552246920146,0.0790316095112018,0.0,100
CAHS_68135_tile4,nardini_Iso point_zscore,0.010064281874374723,0.08610233313245837,0.0,100
CAHS_68135_tile4,nardini_PPII_zscore,-0.006058488989078143,0.07424157175868129,0.0,100
CAHS_68135_tile4,cider_kappa,-0.022364185611895612,0.08023389360785663,0.0,100
CAHS_68135_tile4,cider_omega,0.011818344480225855,0.06464764086304421,0.0,100
CAHS_68135_tile4,cider_delta,-0.028114878666720387,0.07679124178936748,0.0,100
CAHS_68135_tile4,cider_mean_net_charge,-0.003988727413535579,0.14923329398790136,0.0,100
CAHS_68135_tile4,cider_fraction_neutral,0.025722341195086092,0.1685861711997125,0.0,100
CAHS_68135_tile4,sparrow_SCD,0.007463435959526941,0.07707098972718822,0.0,100
CAHS_68135_tile4,sparrow_SHD,0.001463998822275819,0.1674991075844718,0.0,100
CAHS_68135_tile4,sparrow_complexity,-0.004343651784780222,0.09016670119579417,0.0,100
CAHS_68135_tile4,sparrow_scaled_rg,0.003609708129105554,0.12478524437308308,0.0,100
CAHS_68135_tile4,sparrow_scaled_re,0.004847620485937142,0.10302123161802254,0.0,100
CAHS_68135_tile4,sparrow_prefactor,-0.022968702008560066,0.14117640535572318,0.0,100
CAHS_68135_tile4,sparrow_scaling_exponent,0.03520674930791402,0.20024427658935512,0.0,100
CAHS_68135_tile4,sparrow_asphericity,0.032597614235522404,0.19181161905000435,0.0,100
CAHS_68135_tile4,mpipi_epsilon_self,0.006439986703282375,0.06906396949985592,0.0,100
CAHS_68135_tile4,calvados_epsilon_self,0.006833160968754756,0.07000195414091646,0.0,100
CAHS_68135_tile4,avg_helix_prob,0.0007959575307688847,0.06981898621214266,0.0,100
CAHS_68135_tile4,avg_beta_prob,-0.00479210327685354,0.06081607346997039,0.0,100
CAHS_68135_tile4,avg_coil_prob,0.00018385127782691586,0.06526481312243561,0.0,100
CAHS_68135_tile4,avg_nes,0.0007613729083757822,0.06468146786726413,0.0,100
CAHS_68135_tile4,avg_nis,0.002036408432961176,0.054594638941226174,0.0,100
A0A438HAK2,nardini_Frac A_raw,0.000720702353786547,0.07597597242776503,0.0,100
A0A438HAK2,nardini_Frac C_raw,0.03179019438013462,0.2214565325087375,0.0,100
A0A438HAK2,nardini_Frac D_raw,0.0012000906366764655,0.07991968370965492,0.0,100
A0A438HAK2,nardini_Frac E_raw,0.0037923877005807934,0.08820772472318396,0.0,100
A0A438HAK2,nardini_Frac F_raw,-0.007839933738451911,0.07159194595048035,0.0,100
A0A438HAK2,nardini_Frac G_raw,0.0011920455596638453,0.11494396453171947,0.0,100
A0A438HAK2,nardini_Frac H_raw,0.0011432551562855246,0.1086645841236671,0.0,100
A0A438HAK2,nardini_Frac I_raw,0.008160848398159708,0.07687988491431659,0.0,100
A0A438HAK2,nardini_Frac K_raw,0.005953411461501657,0.07781556265662481,0.0,100
A0A438HAK2,nardini_Frac L_raw,-0.01492305008970068,0.08661942811651926,0.0,100
A0A438HAK2,nardini_Frac M_raw,-0.011089272780484518,0.07367257989795337,0.0,100
A0A438HAK2,nardini_Frac N_raw,-0.005192218829567502,0.07891536293467516,0.0,100
A0A438HAK2,nardini_Frac P_raw,0.011970896254450475,0.1154885347838995,0.0,100
A0A438HAK2,nardini_Frac Q_raw,-0.0050371977658852755,0.08474469393506125,0.0,100
A0A438HAK2,nardini_Frac R_raw,-0.016101898388075027,0.07617119085573948,0.0,100
A0A438HAK2,nardini_Frac S_raw,0.009500866157029728,0.08879764359513957,0.0,100
A0A438HAK2,nardini_Frac T_raw,-0.003393125227696882,0.08087492154922983,0.0,100
A0A438HAK2,nardini_Frac V_raw,0.006935089351605675,0.07832119696594123,0.0,100
A0A438HAK2,nardini_Frac W_raw,0.025776399019067163,0.25031030924913983,0.0,100
A0A438HAK2,nardini_Frac Y_raw,-0.01667810701624408,0.08512782455090093,0.0,100
A0A438HAK2,nardini_Frac K+R_raw,-0.012314204617828586,0.12289256341003367,0.0,100
A0A438HAK2,nardini_Frac D+E_raw,0.009869038674643097,0.13591317382982698,0.0,100
A0A438HAK2,nardini_Frac Polar_raw,-0.00123282711905638,0.11258847127966783,0.0,100
A0A438HAK2,nardini_Frac Aliphatic_raw,0.0060865739802160625,0.11689523685763864,0.0,100
A0A438HAK2,nardini_Frac Aromatic_raw,-0.009496069678305427,0.09451309807127496,0.0,100
A0A438HAK2,nardini_R/K Ratio_raw,-0.0038808430382839616,0.06065379624729654,0.0,100
A0A438HAK2,nardini_E/D Ratio_raw,0.006747525957923962,0.07781171234145434,0.0,100
A0A438HAK2,nardini_Frac Chain Expanding_raw,0.003424252428120014,0.10985966008718975,0.0,100
A0A438HAK2,nardini_FCR_raw,-0.00594368466220619,0.15106834192939136,0.0,100
A0A438HAK2,nardini_NCPR_raw,-0.02102926064766386,0.14777309333990019,0.0,100
A0A438HAK2,nardini_Hydrophobicity_raw,-0.003042071649307813,0.1796493046665042,0.0,100
A0A438HAK2,nardini_Disorder Promoting_raw,0.00855633024661747,0.07536027309502998,0.0,100
A0A438HAK2,nardini_Iso point_raw,-0.02539936412167773,0.14154069869718702,0.0,100
A0A438HAK2,nardini_PPII_raw,0.018143225272778733,0.09884283950637335,0.0,100
A0A438HAK2,nardini_A Patch_raw,0.0037927550327204722,0.13592451446186113,0.0,100
A0A438HAK2,nardini_E Patch_raw,0.035658986416670174,0.2905448871218926,0.0,100
A0A438HAK2,nardini_G Patch_raw,-0.004910312755486618,0.20479756815085176,0.0,100
A0A438HAK2,nardini_K Patch_raw,-0.006160489711274159,0.08775285853212479,0.0,100
A0A438HAK2,nardini_N Patch_raw,-0.025388886956658127,0.42976400920066027,0.0,100
A0A438HAK2,nardini_R Patch_raw,-0.0022029603325040537,0.29243326482768467,0.0,100
A0A438HAK2,nardini_S Patch_raw,0.0014765376705387424,0.14667401500836327,0.0,100
A0A438HAK2,nardini_T Patch_raw,0.0127419848225724,0.30882880281187397,0.0,100
A0A438HAK2,nardini_Frac A_zscore,0.0006170290926825978,0.07504285053448467,0.0,100
A0A438HAK2,nardini_Frac D_zscore,-0.0005297519926557908,0.05357706308430018,0.0,100
A0A438HAK2,nardini_Frac E_zscore,-0.0031822436645718645,0.06022892060629159,0.0,100
A0A438HAK2,nardini_Frac F_zscore,-0.006855959076186825,0.05986025649816763,0.0,100
A0A438HAK2,nardini_Frac G_zscore,-0.000852712647753754,0.1146803102087018,0.0,100
A0A438HAK2,nardini_Frac H_zscore,-0.0014022342626867968,0.06415583905690977,0.0,100
A0A438HAK2,nardini_Frac I_zscore,-0.009131126051411632,0.07214215539698135,0.0,100
A0A438HAK2,nardini_Frac K_zscore,0.007466843481199518,0.08277204017878291,0.0,100
A0A438HAK2,nardini_Frac L_zscore,-0.011547640116361701,0.0956702216803938,0.0,100
A0A438HAK2,nardini_Frac M_zscore,0.0003295575371719979,0.06130407615355684,0.0,100
A0A438HAK2,nardini_Frac N_zscore,-0.004187854523999486,0.05852293573997756,0.0,100
A0A438HAK2,nardini_Frac P_zscore,0.004723937291510689,0.06153745418011764,0.0,100
A0A438HAK2,nardini_Frac Q_zscore,-0.0005552925148871072,0.06671013125533416,0.0,100
A0A438HAK2,nardini_Frac R_zscore,-0.006493844453737903,0.10416297827567342,0.0,100
A0A438HAK2,nardini_Frac S_zscore,0.005416908062099741,0.06293180834398446,0.0,100
A0A438HAK2,nardini_Frac T_zscore,-0.006972494934350746,0.05872630003768393,0.0,100
A0A438HAK2,nardini_Frac V_zscore,0.00016812949362039905,0.0810030801753107,0.0,100
A0A438HAK2,nardini_Frac Y_zscore,-0.02439083621538293,0.22597871929684693,0.0,100
A0A438HAK2,nardini_Frac K+R_zscore,-0.011116505477358186,0.13611296311855162,0.0,100
A0A438HAK2,nardini_Frac D+E_zscore,-0.002624972228029495,0.057781310288976574,0.0,100
A0A438HAK2,nardini_Frac Polar_zscore,0.0016489609655264603,0.06418385371812646,0.0,100
A0A438HAK2,nardini_Frac Aliphatic_zscore,0.004874678568330329,0.06580232810850517,0.0,100
A0A438HAK2,nardini_Frac Aromatic_zscore,-0.004497065121388208,0.07430057555310876,0.0,100
A0A438HAK2,nardini_R/K Ratio_zscore,-0.005770928515683441,0.06291307770626531,0.0,100
A0A438HAK2,nardini_E/D Ratio_zscore,0.008674297982687675,0.082501376375179,0.0,100
A0A438HAK2,nardini_Frac Chain Expanding_zscore,0.002047266108111476,0.062171324657324695,0.0,100
A0A438HAK2,nardini_FCR_zscore,-0.004940047578920732,0.06896367110765683,0.0,100
A0A438HAK2,nardini_NCPR_zscore,-0.020296783316661567,0.16073467590607837,0.0,100
A0A438HAK2,nardini_Hydrophobicity_zscore,0.008834358033878525,0.07530259002647252,0.0,100
A0A438HAK2,nardini_Disorder Promoting_zscore,0.006042035546654962,0.05895441139529769,0.0,100
A0A438HAK2,nardini_Iso point_zscore,-0.007924180285565885,0.0895057664435869,0.0,100
A0A438HAK2,nardini_PPII_zscore,0.004773864590486222,0.05674710729145731,0.0,100
A0A438HAK2,nardini_K Patch_zscore,-0.0027274222309605733,0.12893366491666444,0.0,100
A0A438HAK2,cider_kappa,-0.014089255539651784,0.08651703790432254,0.0,100
A0A438HAK2,cider_omega,-0.005930168430684144,0.07206184891585554,0.0,100
A0A438HAK2,cider_delta,-0.015204723934886357,0.09044056236061279,0.0,100
A0A438HAK2,cider_mean_net_charge,0.004018294269891594,0.1426972869512861,0.0,100
A0A438HAK2,cider_fraction_neutral,0.00507078866038089,0.16105029180841252,0.0,100
A0A438HAK2,sparrow_SCD,0.010775778389212778,0.08393470477048212,0.0,100
A0A438HAK2,sparrow_SHD,0.02473372538077867,0.11449806139914176,0.0,100
A0A438HAK2,sparrow_complexity,-0.0020755851295024934,0.07399868737107666,0.0,100
A0A438HAK2,sparrow_scaled_rg,0.024650864327898283,0.13650045346898776,0.0,100
A0A438HAK2,sparrow_scaled_re,0.027362609714326046,0.108720261929445,0.0,100
A0A438HAK2,sparrow_prefactor,-0.009717473163037137,0.17838726915280634,0.0,100
A0A438HAK2,sparrow_scaling_exponent,-0.004364539599661134,0.20979401834668374,0.0,100
A0A438HAK2,sparrow_asphericity,0.02905024305690147,0.24907028539069187,0.0,100
A0A438HAK2,mpipi_epsilon_self,0.010005778295523151,0.07337879412000588,0.0,100
A0A438HAK2,calvados_epsilon_self,0.008887956289765835,0.06260172515177212,0.0,100
A0A438HAK2,avg_helix_prob,-0.011953705665054113,0.06601340892389282,0.0,100
A0A438HAK2,avg_beta_prob,-0.002084549650870274,0.06159909630002789,0.0,100
A0A438HAK2,avg_coil_prob,0.004261819270421828,0.07371927276495732,0.0,100
A0A438HAK2,avg_nes,-0.005531779800063098,0.055535791102012934,0.0,100
A0A438HAK2,avg_nis,-0.003848454579683524,0.06241545454396008,0.0,100
Asyn_isoform_5,nardini_Frac A_raw,-0.0058564144655867964,0.1347191776911862,0.0,100
Asyn_isoform_5,nardini_Frac C_raw,0.01377977099957803,0.15878541110057456,0.0,100
Asyn_isoform_5,nardini_Frac D_raw,0.0017032047875042591,0.11769180768042581,0.0,100
Asyn_isoform_5,nardini_Frac E_raw,-0.009302985037255258,0.10950403896292418,0.0,100
Asyn_isoform_5,nardini_Frac F_raw,0.003644375445932715,0.15568029519159404,0.0,100
Asyn_isoform_5,nardini_Frac G_raw,-0.018873938396202952,0.1804310030440126,0.0,100
Asyn_isoform_5,nardini_Frac H_raw,0.008941586445869978,0.18351536751295355,0.0,100
Asyn_isoform_5,nardini_Frac I_raw,0.011045250164440435,0.13256048799863346,0.0,100
Asyn_isoform_5,nardini_Frac K_raw,0.01070856081831077,0.11296520528032931,0.0,100
Asyn_isoform_5,nardini_Frac L_raw,0.00031525282213953817,0.14281808210772567,0.0,100
Asyn_isoform_5,nardini_Frac M_raw,0.007774355751836575,0.11714075527760703,0.0,100
Asyn_isoform_5,nardini_Frac N_raw,0.001829885409589703,0.11878784402885502,0.0,100
Asyn_isoform_5,nardini_Frac P_raw,0.010237093707295933,0.16195881251137817,0.0,100
Asyn_isoform_5,nardini_Frac Q_raw,-0.01361448161533156,0.1114511207869551,0.0,100
Asyn_isoform_5,nardini_Frac R_raw,-0.000826188514371318,0.13036725038397806,0.0,100
Asyn_isoform_5,nardini_Frac S_raw,-0.005923890160780746,0.14849283355672763,0.0,100
Asyn_isoform_5,nardini_Frac T_raw,-0.0024189361708743967,0.12848901367396864,0.0,100
Asyn_isoform_5,nardini_Frac V_raw,0.006150582315420697,0.142546734540088,0.0,100
Asyn_isoform_5,nardini_Frac W_raw,0.008331645117967626,0.14420450545742808,0.0,100
Asyn_isoform_5,nardini_Frac Y_raw,0.007113932473935139,0.1418716208220327,0.0,100
Asyn_isoform_5,nardini_Frac K+R_raw,0.024186036391683766,0.18935034276472051,0.0,100
Asyn_isoform_5,nardini_Frac D+E_raw,-0.0018627198021693872,0.17417324563021558,0.0,100
Asyn_isoform_5,nardini_Frac Polar_raw,-0.02323366210582449,0.13600318055045812,0.0,100
Asyn_isoform_5,nardini_Frac Aliphatic_raw,-0.007784006324544255,0.19555802014639273,0.0,100
Asyn_isoform_5,nardini_Frac Aromatic_raw,0.011384272082717589,0.17935905574678712,0.0,100
Asyn_isoform_5,nardini_R/K Ratio_raw,-0.0007064168647145151,0.12140574566664308,0.0,100
Asyn_isoform_5,nardini_E/D Ratio_raw,-0.007196637787547304,0.1116431243030454,0.0,100
Asyn_isoform_5,nardini_Frac Chain Expanding_raw,0.024543402639926014,0.1414300761690513,0.0,100
Asyn_isoform_5,nardini_FCR_raw,0.012058503030032775,0.19732099205868522,0.0,100
Asyn_isoform_5,nardini_NCPR_raw,0.006380885885309023,0.08163526774011362,0.0,100
Asyn_isoform_5,nardini_Hydrophobicity_raw,-0.03410344479132587,0.2573467923614596,0.0,100
Asyn_isoform_5,nardini_Disorder Promoting_raw,-0.004648619668864992,0.1252290681582739,0.0,100
Asyn_isoform_5,nardini_Iso point_raw,0.04601723110525767,0.2351732934126885,0.0,100
Asyn_isoform_5,nardini_PPII_raw,0.03638512975939845,0.21313298559919935,0.0,100
Asyn_isoform_5,nardini_A Patch_raw,0.004878877676043681,0.21351361559126786,0.0,100
Asyn_isoform_5,nardini_D Patch_raw,0.04898250616645965,0.30785283985420153,0.0,100
Asyn_isoform_5,nardini_E Patch_raw,0.036476378584983635,0.2050232555186831,0.0,100
Asyn_isoform_5,nardini_G Patch_raw,-0.028005369473544074,0.36241437618347394,0.0,100
Asyn_isoform_5,nardini_P Patch_raw,0.06766267167548753,0.333419464005434,0.0,100
Asyn_isoform_5,nardini_R Patch_raw,0.014121765792587702,0.2961740009560057,0.0,100
Asyn_isoform_5,nardini_S Patch_raw,0.005286903792626272,0.10299562514509472,0.0,100
Asyn_isoform_5,nardini_Frac A_zscore,-0.007957142594540207,0.1387679680766456,0.0,100
Asyn_isoform_5,nardini_Frac C_zscore,-0.01511951619967584,0.33725408293053033,0.0,100
Asyn_isoform_5,nardini_Frac D_zscore,0.0072443761103619785,0.0810611981338497,0.0,100
Asyn_isoform_5,nardini_Frac E_zscore,-0.0008610805657078624,0.11869302125277525,0.0,100
Asyn_isoform_5,nardini_Frac F_zscore,-0.002321166643394061,0.0891444788672428,0.0,100
Asyn_isoform_5,nardini_Frac G_zscore,-0.020465872015388437,0.18069955544667546,0.0,100
Asyn_isoform_5,nardini_Frac H_zscore,0.006013367965504366,0.09061250216571688,0.0,100
Asyn_isoform_5,nardini_Frac I_zscore,0.0032154006133498945,0.0990646740170377,0.0,100
Asyn_isoform_5,nardini_Frac K_zscore,0.004179031297399351,0.0847211200648624,0.0,100
Asyn_isoform_5,nardini_Frac L_zscore,-0.004729611657244618,0.11064899209298718,0.0,100
Asyn_isoform_5,nardini_Frac M_zscore,0.006497608463928146,0.11989804474126997,0.0,100
Asyn_isoform_5,nardini_Frac N_zscore,-0.015253771433469924,0.09494589916561146,0.0,100
Asyn_isoform_5,nardini_Frac P_zscore,0.01050181283336158,0.16305547777285218,0.0,100
Asyn_isoform_5,nardini_Frac Q_zscore,-0.009899372322400702,0.09682651930147723,0.0,100
Asyn_isoform_5,nardini_Frac R_zscore,0.044144700548274296,0.18917745056473942,0.0,100
Asyn_isoform_5,nardini_Frac S_zscore,0.004544955263205943,0.10569123592639332,0.0,100
Asyn_isoform_5,nardini_Frac T_zscore,0.00023713128124319777,0.08388706309779982,0.0,100
Asyn_isoform_5,nardini_Frac V_zscore,0.004680410139348486,0.08937001304059185,0.0,100
Asyn_isoform_5,nardini_Frac W_zscore,0.030693313598537175,0.38066756606223373,0.0,100
Asyn_isoform_5,nardini_Frac Y_zscore,0.026637517164222024,0.26463924429726293,0.0,100
Asyn_isoform_5,nardini_Frac K+R_zscore,0.018427609488418383,0.09287755958835309,0.0,100
Asyn_isoform_5,nardini_Frac D+E_zscore,0.013234994249421522,0.17650210494805743,0.0,100
Asyn_isoform_5,nardini_Frac Polar_zscore,-0.0168962445763899,0.0820354905225917,0.0,100
Asyn_isoform_5,nardini_Frac Aliphatic_zscore,0.00546304192565764,0.0983021850652427,0.0,100
Asyn_isoform_5,nardini_Frac Aromatic_zscore,0.022668831837425536,0.28313675715646064,0.0,100
Asyn_isoform_5,nardini_R/K Ratio_zscore,-0.0027350525662283996,0.1351437085273831,0.0,100
Asyn_isoform_5,nardini_E/D Ratio_zscore,-0.004657250561833025,0.11919287073583788,0.0,100
Asyn_isoform_5,nardini_Frac Chain Expanding_zscore,0.014087604827310363,0.0959133686421238,0.0,100
Asyn_isoform_5,nardini_FCR_zscore,0.010206015900130906,0.10063698614620287,0.0,100
Asyn_isoform_5,nardini_NCPR_zscore,0.003152429700772076,0.08455559971864637,0.0,100
Asyn_isoform_5,nardini_Hydrophobicity_zscore,-0.0067739621766280825,0.10306328041300412,0.0,100
Asyn_isoform_5,nardini_Disorder Promoting_zscore,-0.0035242305693375313,0.08997772307954786,0.0,100
Asyn_isoform_5,nardini_Iso point_zscore,0.012695056552543113,0.09697268006517851,0.0,100
Asyn_isoform_5,nardini_PPII_zscore,0.003276524458536859,0.07968769707716264,0.0,100
Asyn_isoform_5,nardini_S Patch_zscore,0.002484081025851936,0.12378128725246719,0.0,100
Asyn_isoform_5,cider_kappa,0.011828324869611913,0.13643979345052562,0.0,100
Asyn_isoform_5,cider_omega,-0.01580056882414232,0.09740260530447345,0.0,100
Asyn_isoform_5,cider_delta,0.014848030975299076,0.10594683738284334,0.0,100
Asyn_isoform_5,cider_mean_net_charge,-0.020191271897928374,0.2143638819625203,0.0,100
Asyn_isoform_5,cider_fraction_neutral,-0.006653221601531672,0.22261428929375876,0.0,100
Asyn_isoform_5,sparrow_SCD,-0.01852769541421555,0.08523489985237995,0.0,100
Asyn_isoform_5,sparrow_SHD,-0.007991547764503525,0.26888870028941175,0.0,100
Asyn_isoform_5,sparrow_complexity,0.00232399392088882,0.13868296080097747,0.0,100
Asyn_isoform_5,sparrow_scaled_rg,0.0017788014032496541,0.14535846503771943,0.0,100
Asyn_isoform_5,sparrow_scaled_re,0.0001430599084464336,0.10286435042715047,0.0,100
Asyn_isoform_5,sparrow_prefactor,0.03338458886319239,0.0933106981866211,0.0,100
Asyn_isoform_5,sparrow_scaling_exponent,-0.013979198222429023,0.10299386930962971,0.0,100
Asyn_isoform_5,sparrow_asphericity,-0.00010003472677290154,0.12249931295143525,0.0,100
Asyn_isoform_5,mpipi_epsilon_self,-0.00405092574522859,0.10161484221729129,0.0,100
Asyn_isoform_5,calvados_epsilon_self,-0.013425114312553242,0.09276348515596766,0.0,100
Asyn_isoform_5,avg_helix_prob,-0.0038085245615718326,0.0956653064962389,0.0,100
Asyn_isoform_5,avg_beta_prob,0.0008473626846370458,0.08970074391631462,0.0,100
Asyn_isoform_5,avg_coil_prob,0.01535924746378219,0.2525981342371492,0.0,100
Asyn_isoform_5,avg_mito_targeting,0.00967460647980503,0.08548103102865111,0.0,100
Asyn_isoform_5,avg_nes,-0.009520515978818799,0.08839297734169675,0.0,100
Asyn_isoform_5,avg_nis,0.006028926680600455,0.08267902313292952,0.0,100
A0A1U8F7A1,nardini_Frac A_raw,-0.0052150768129869554,0.10479146828133863,0.0,100
A0A1U8F7A1,nardini_Frac C_raw,-0.00886551594618939,0.17675207558637665,0.0,100
A0A1U8F7A1,nardini_Frac D_raw,-0.005819435455519946,0.09329403486073358,0.0,100
A0A1U8F7A1,nardini_Frac E_raw,0.011181862893144863,0.09571878012028447,0.0,100
A0A1U8F7A1,nardini_Frac G_raw,0.007675958849254944,0.13245309170360986,0.0,100
A0A1U8F7A1,nardini_Frac I_raw,0.0008266354423428085,0.1081103156446109,0.0,100
A0A1U8F7A1,nardini_Frac K_raw,0.00875759680513655,0.09815614110813853,0.0,100
A0A1U8F7A1,nardini_Frac L_raw,-0.0006343375787992747,0.10529863079764708,0.0,100
A0A1U8F7A1,nardini_Frac M_raw,0.0062179647208568285,0.07645017471811612,0.0,100
A0A1U8F7A1,nardini_Frac N_raw,-0.005292928063511983,0.09182772497683012,0.0,100
A0A1U8F7A1,nardini_Frac P_raw,-0.0013826949963723716,0.14248895234539669,0.0,100
A0A1U8F7A1,nardini_Frac Q_raw,-0.0014419784987880573,0.08889207075463652,0.0,100
A0A1U8F7A1,nardini_Frac R_raw,0.00232545267456037,0.09502205874336349,0.0,100
A0A1U8F7A1,nardini_Frac S_raw,-0.010253852721747458,0.10506518206022904,0.0,100
A0A1U8F7A1,nardini_Frac T_raw,-0.003004903472434575,0.110692412464359,0.0,100
A0A1U8F7A1,nardini_Frac V_raw,-0.003548086930614231,0.09123903823552422,0.0,100
A0A1U8F7A1,nardini_Frac K+R_raw,0.017167926884813084,0.16297173118346261,0.0,100
A0A1U8F7A1,nardini_Frac D+E_raw,0.01852392904636698,0.14960807690163314,0.0,100
A0A1U8F7A1,nardini_Frac Polar_raw,-0.009545097864162355,0.10922510719429633,0.0,100
A0A1U8F7A1,nardini_Frac Aliphatic_raw,-0.027189991402100388,0.20190108071998417,0.0,100
A0A1U8F7A1,nardini_Frac Aromatic_raw,0.05167667034575268,0.43602883834976436,0.0,100
A0A1U8F7A1,nardini_R/K Ratio_raw,-0.0017914953305443468,0.0644677432250393,0.0,100
A0A1U8F7A1,nardini_E/D Ratio_raw,0.011827902693494364,0.0949566800724402,0.0,100
A0A1U8F7A1,nardini_Frac Chain Expanding_raw,0.01825837345387449,0.14133759794845047,0.0,100
A0A1U8F7A1,nardini_FCR_raw,0.025125991139441327,0.20492957678408735,0.0,100
A0A1U8F7A1,nardini_NCPR_raw,-0.006245618733851861,0.20818598033871843,0.0,100
A0A1U8F7A1,nardini_Hydrophobicity_raw,-0.00906855851337313,0.34206387932533966,0.0,100
A0A1U8F7A1,nardini_Disorder Promoting_raw,0.0008933004341424745,0.10808461831040242,0.0,100
A0A1U8F7A1,nardini_Iso point_raw,-0.0031965938198184897,0.19786574576128904,0.0,100
A0A1U8F7A1,nardini_PPII_raw,0.03428357810477402,0.19531522306985089,0.0,100
A0A1U8F7A1,nardini_A Patch_raw,-0.006224015860864673,0.07594972475002924,0.0,100
A0A1U8F7A1,nardini_D Patch_raw,0.017820763674833283,0.3822574003053687,0.0,100
A0A1U8F7A1,nardini_E Patch_raw,-0.006663243976721689,0.16304757772503534,0.0,100
A0A1U8F7A1,nardini_K Patch_raw,-0.004396887365362185,0.08560499684641426,0.0,100
A0A1U8F7A1,nardini_N Patch_raw,-0.017198429391324887,0.3861725195590633,0.0,100
A0A1U8F7A1,nardini_Q Patch_raw,-0.017333693420827544,0.39002927346929,0.0,100
A0A1U8F7A1,nardini_R Patch_raw,0.06966975922703324,0.4006261631154024,0.0,100
A0A1U8F7A1,nardini_S Patch_raw,-0.0034630705215434056,0.21668132315169406,0.0,100
A0A1U8F7A1,nardini_T Patch_raw,0.00517326141416512,0.3110645799887293,0.0,100
A0A1U8F7A1,nardini_Frac A_zscore,-0.00558861147946826,0.09059260404278718,0.0,100
A0A1U8F7A1,nardini_Frac D_zscore,-0.0034183610316492496,0.06546548293164584,0.0,100
A0A1U8F7A1,nardini_Frac E_zscore,0.00968933182015612,0.10222844875356349,0.0,100
A0A1U8F7A1,nardini_Frac G_zscore,-0.0008548644670056127,0.06651219244601649,0.0,100
A0A1U8F7A1,nardini_Frac I_zscore,0.005654448562656709,0.14341957960790863,0.0,100
A0A1U8F7A1,nardini_Frac K_zscore,-0.0018580610266832887,0.09642784456706122,0.0,100
A0A1U8F7A1,nardini_Frac L_zscore,-0.005522396842346381,0.07017075789835489,0.0,100
A0A1U8F7A1,nardini_Frac M_zscore,0.007062759856073255,0.07763208277192762,0.0,100
A0A1U8F7A1,nardini_Frac N_zscore,-0.011300502193298782,0.07846013772199355,0.0,100
A0A1U8F7A1,nardini_Frac P_zscore,-0.0028279616690129504,0.0677876559381608,0.0,100
A0A1U8F7A1,nardini_Frac Q_zscore,0.002150141683352817,0.07135958290061423,0.0,100
A0A1U8F7A1,nardini_Frac R_zscore,-0.0013073972585943164,0.07356268198545325,0.0,100
A0A1U8F7A1,nardini_Frac S_zscore,-0.0072626972317472805,0.06811300902554909,0.0,100
A0A1U8F7A1,nardini_Frac T_zscore,0.0034119871606834258,0.13117488294403107,0.0,100
A0A1U8F7A1,nardini_Frac K+R_zscore,-0.005747864065205432,0.15805232781893178,0.0,100
A0A1U8F7A1,nardini_Frac D+E_zscore,0.0020392733374735962,0.17413313239405165,0.0,100
A0A1U8F7A1,nardini_Frac Polar_zscore,-0.007792632089646894,0.05515933771205642,0.0,100
A0A1U8F7A1,nardini_Frac Aliphatic_zscore,-0.0014474864490583302,0.13573237138300318,0.0,100
A0A1U8F7A1,nardini_R/K Ratio_zscore,0.001213883654483763,0.06401409901469168,0.0,100
A0A1U8F7A1,nardini_E/D Ratio_zscore,0.013434100482308952,0.10268527101877029,0.0,100
A0A1U8F7A1,nardini_Frac Chain Expanding_zscore,0.003744856054029962,0.07116173082820217,0.0,100
A0A1U8F7A1,nardini_FCR_zscore,-0.0014101248806247088,0.23033076825509166,0.0,100
A0A1U8F7A1,nardini_NCPR_zscore,-0.0036859893295051295,0.22734189332427251,0.0,100
A0A1U8F7A1,nardini_Hydrophobicity_zscore,-0.0027214830073921253,0.08129790847694601,0.0,100
A0A1U8F7A1,nardini_Disorder Promoting_zscore,0.001311626761807663,0.07411303697750142,0.0,100
A0A1U8F7A1,nardini_Iso point_zscore,9.49484666744424e-05,0.1462191368967756,0.0,100
A0A1U8F7A1,nardini_PPII_zscore,0.00841356971149715,0.08724564690147685,0.0,100
A0A1U8F7A1,nardini_A Patch_zscore,0.004655961069995973,0.08737384549467211,0.0,100
A0A1U8F7A1,nardini_K Patch_zscore,-0.0012622791513106774,0.13936534791205243,0.0,100
A0A1U8F7A1,cider_kappa,-0.001665526737364015,0.07909903675285822,0.0,100
A0A1U8F7A1,cider_omega,-0.0011171412986437912,0.07925337771120769,0.0,100
A0A1U8F7A1,cider_delta,-0.003901077337966043,0.07760896185311329,0.0,100
A0A1U8F7A1,cider_mean_net_charge,0.0249925280474792,0.18325484927942004,0.0,100
A0A1U8F7A1,cider_fraction_neutral,-0.028401685423383737,0.20254906782048746,0.0,100
A0A1U8F7A1,sparrow_SCD,0.003612845001599648,0.062294831453744634,0.0,100
A0A1U8F7A1,sparrow_SHD,0.011914451171256682,0.35574155035110555,0.0,100
A0A1U8F7A1,sparrow_complexity,-0.014931947559255547,0.10786394510004933,0.0,100
A0A1U8F7A1,sparrow_scaled_rg,-0.018022134279395783,0.19824336917650492,0.0,100
A0A1U8F7A1,sparrow_scaled_re,-0.0014507651025481173,0.16415811986574677,0.0,100
A0A1U8F7A1,sparrow_prefactor,0.03763619535969849,0.1874911577062813,0.0,100
A0A1U8F7A1,sparrow_scaling_exponent,-0.020920310698218356,0.22468112562434833,0.0,100
A0A1U8F7A1,sparrow_asphericity,-0.026232190185094244,0.19611427100097356,0.0,100
A0A1U8F7A1,mpipi_epsilon_self,0.00829276527924748,0.06779179271466954,0.0,100
A0A1U8F7A1,calvados_epsilon_self,0.0029548761387317626,0.06149423110702124,0.0,100
A0A1U8F7A1,avg_helix_prob,-0.004246202350080914,0.07215110431678724,0.0,100
A0A1U8F7A1,avg_beta_prob,-0.0084116715164811,0.06390763219393535,0.0,100
A0A1U8F7A1,avg_coil_prob,0.0007399481604719143,0.06701118189051686,0.0,100
A0A1U8F7A1,avg_nes,-0.0050147833276144626,0.06316310775042394,0.0,100
A0A1U8F7A1,avg_nis,-0.006967406930102319,0.06951220705246834,0.0,100
Os_LEA_or6,nardini_Frac A_raw,0.022625893761342216,0.11859166942646752,0.0,100
Os_LEA_or6,nardini_Frac C_raw,8.955572620115843e-05,0.18658501978457115,0.0,100
Os_LEA_or6,nardini_Frac D_raw,0.0014295178158795637,0.14328561823499714,0.0,100
Os_LEA_or6,nardini_Frac E_raw,0.01189115782188913,0.11674690225419214,0.0,100
Os_LEA_or6,nardini_Frac F_raw,-0.01764271698757858,0.138496822384452,0.0,100
Os_LEA_or6,nardini_Frac G_raw,-0.010736320447020083,0.17026216294091298,0.0,100
Os_LEA_or6,nardini_Frac H_raw,0.006486626598019436,0.1743873287410817,0.0,100
Os_LEA_or6,nardini_Frac I_raw,-0.027535773387142033,0.19444085512564716,0.0,100
Os_LEA_or6,nardini_Frac K_raw,0.007311801189642593,0.12127580215934083,0.0,100
Os_LEA_or6,nardini_Frac L_raw,-0.007790315502867764,0.13037753069904903,0.0,100
Os_LEA_or6,nardini_Frac M_raw,0.0006180591953544248,0.12661304235243095,0.0,100
Os_LEA_or6,nardini_Frac N_raw,0.02229921088619924,0.21355332691587525,0.0,100
Os_LEA_or6,nardini_Frac P_raw,-0.007597682047098433,0.18305726396811148,0.0,100
Os_LEA_or6,nardini_Frac Q_raw,0.008149494599523811,0.14242816091123908,0.0,100
Os_LEA_or6,nardini_Frac R_raw,-0.008483510780239711,0.12255187589244641,0.0,100
Os_LEA_or6,nardini_Frac S_raw,0.018807196432051004,0.1650419386440257,0.0,100
Os_LEA_or6,nardini_Frac T_raw,-0.017587937533562515,0.13094058513409118,0.0,100
Os_LEA_or6,nardini_Frac V_raw,0.031375692023154676,0.13505979666067996,0.0,100
Os_LEA_or6,nardini_Frac Y_raw,0.007552218246691258,0.19592910157442722,0.0,100
Os_LEA_or6,nardini_Frac K+R_raw,0.020253526019804423,0.19957529330460108,0.0,100
Os_LEA_or6,nardini_Frac D+E_raw,0.01213855796477869,0.20545156966572778,0.0,100
Os_LEA_or6,nardini_Frac Polar_raw,-0.004403011025560638,0.14224258677411847,0.0,100
Os_LEA_or6,nardini_Frac Aliphatic_raw,-0.0024081554032214757,0.1848920567718458,0.0,100
Os_LEA_or6,nardini_Frac Aromatic_raw,0.0033244423019624394,0.2486831021971816,0.0,100
Os_LEA_or6,nardini_R/K Ratio_raw,0.010805572642316049,0.09487406455275929,0.0,100
Os_LEA_or6,nardini_E/D Ratio_raw,0.01409523694782061,0.12006156767101146,0.0,100
Os_LEA_or6,nardini_Frac Chain Expanding_raw,0.011161802530401721,0.21199422843121182,0.0,100
Os_LEA_or6,nardini_FCR_raw,0.005240126529024041,0.246303991323753,0.0,100
Os_LEA_or6,nardini_NCPR_raw,0.01761040206550711,0.28654039298627687,0.0,100
Os_LEA_or6,nardini_Disorder Promoting_raw,0.01849149952241109,0.15148965377004883,0.0,100
Os_LEA_or6,nardini_Iso point_raw,0.015934023650468428,0.2938449745406097,0.0,100
Os_LEA_or6,nardini_PPII_raw,-0.011501301001699151,0.21980439448693073,0.0,100
Os_LEA_or6,nardini_A Patch_raw,0.0031574400211856367,0.10863268043632764,0.0,100
Os_LEA_or6,nardini_E Patch_raw,0.01740922878661816,0.19771772595102854,0.0,100
Os_LEA_or6,nardini_K Patch_raw,0.01051050543309872,0.15819761080446726,0.0,100
Os_LEA_or6,nardini_R Patch_raw,-0.018633961049934623,0.32983145034598793,0.0,100
Os_LEA_or6,nardini_S Patch_raw,0.020679474238152848,0.33787069865759967,0.0,100
Os_LEA_or6,nardini_Frac A_zscore,0.025635709759606475,0.1264240623274357,0.0,100
Os_LEA_or6,nardini_Frac D_zscore,-0.006188450007158513,0.10378858662412593,0.0,100
Os_LEA_or6,nardini_Frac E_zscore,0.01329025538875225,0.12118390142004294,0.0,100
Os_LEA_or6,nardini_Frac F_zscore,-0.018212113065713166,0.1068917465074133,0.0,100
Os_LEA_or6,nardini_Frac G_zscore,-0.021071248495093536,0.17479226189050417,0.0,100
Os_LEA_or6,nardini_Frac K_zscore,0.014100091958924732,0.12264652827832509,0.0,100
Os_LEA_or6,nardini_Frac L_zscore,-0.0037212783072824228,0.11703025748914675,0.0,100
Os_LEA_or6,nardini_Frac M_zscore,0.0007214407769335107,0.12433815366442698,0.0,100
Os_LEA_or6,nardini_Frac P_zscore,-0.011579479829934278,0.07729705514769766,0.0,100
Os_LEA_or6,nardini_Frac Q_zscore,0.0084880497895013,0.11727610553117333,0.0,100
Os_LEA_or6,nardini_Frac R_zscore,0.0018654967230522272,0.184016233476914,0.0,100
Os_LEA_or6,nardini_Frac S_zscore,-0.0056118411654183286,0.10459387827228597,0.0,100
Os_LEA_or6,nardini_Frac T_zscore,-0.008159242588196499,0.11096171178703683,0.0,100
Os_LEA_or6,nardini_Frac V_zscore,0.02768884852265496,0.14015466871396476,0.0,100
Os_LEA_or6,nardini_Frac Y_zscore,-0.006969936024559491,0.14135348448431997,0.0,100
Os_LEA_or6,nardini_Frac K+R_zscore,0.02889157902945786,0.21882454068779592,0.0,100
Os_LEA_or6,nardini_Frac D+E_zscore,0.018128969000973015,0.21927298872414294,0.0,100
Os_LEA_or6,nardini_Frac Polar_zscore,-2.140342737090871e-05,0.09155229886210217,0.0,100
Os_LEA_or6,nardini_Frac Aliphatic_zscore,-0.00776819942847619,0.17430136076924285,0.0,100
Os_LEA_or6,nardini_Frac Aromatic_zscore,-0.005382800278592917,0.12779037180612834,0.0,100
Os_LEA_or6,nardini_R/K Ratio_zscore,-0.008293739694843726,0.1231708758026277,0.0,100
Os_LEA_or6,nardini_E/D Ratio_zscore,0.014430352434073264,0.12729322468963902,0.0,100
Os_LEA_or6,nardini_Frac Chain Expanding_zscore,0.002388713538260522,0.15209234776791594,0.0,100
Os_LEA_or6,nardini_FCR_zscore,0.029673987624152142,0.2546291054433902,0.0,100
Os_LEA_or6,nardini_Hydrophobicity_zscore,0.0013171679373763481,0.13677190212950374,0.0,100
Os_LEA_or6,nardini_Disorder Promoting_zscore,0.006946889930854042,0.11725620402908052,0.0,100
Os_LEA_or6,nardini_Iso point_zscore,0.014242821147162998,0.0983772601439884,0.0,100
Os_LEA_or6,nardini_PPII_zscore,0.010128397342596893,0.09049661997584632,0.0,100
Os_LEA_or6,nardini_A Patch_zscore,0.03277365297977902,0.11795654082441968,0.0,100
Os_LEA_or6,cider_kappa,0.009931498119751412,0.1148366850976709,0.0,100
Os_LEA_or6,cider_omega,0.01949535681793309,0.11616045729483761,0.0,100
Os_LEA_or6,cider_delta,0.014345864305044108,0.12724913767962537,0.0,100
Os_LEA_or6,cider_mean_net_charge,0.03654117369455907,0.2793582966622625,0.0,100
Os_LEA_or6,cider_fraction_neutral,-0.010006682894841008,0.2477499773716245,0.0,100
Os_LEA_or6,sparrow_SCD,0.002770754798414724,0.10238774474732998,0.0,100
Os_LEA_or6,sparrow_SHD,-0.03681423981922996,0.23012636833343816,0.0,100
Os_LEA_or6,sparrow_complexity,-0.014387480451400092,0.15099534970683007,0.0,100
Os_LEA_or6,sparrow_scaled_rg,-0.03103363322865841,0.22975328646806037,0.0,100
Os_LEA_or6,sparrow_scaled_re,-0.03754424381589765,0.25532558218247153,0.0,100
Os_LEA_or6,sparrow_prefactor,0.024122375622679743,0.2912284375263551,0.0,100
Os_LEA_or6,sparrow_scaling_exponent,-0.03228403149772887,0.30216835751596943,0.0,100
Os_LEA_or6,sparrow_asphericity,-0.015179474132880049,0.29435602644118025,0.0,100
Os_LEA_or6,mpipi_epsilon_self,0.00864975955002303,0.10838132139058795,0.0,100
Os_LEA_or6,calvados_epsilon_self,0.0062742233922585796,0.10311487262341093,0.0,100
Os_LEA_or6,avg_helix_prob,-0.010675354695407783,0.10949371580525388,0.0,100
Os_LEA_or6,avg_beta_prob,0.0028733508612098107,0.09122928837706057,0.0,100
Os_LEA_or6,avg_coil_prob,0.012913387927737385,0.10738708712541455,0.0,100
Os_LEA_or6,avg_mito_targeting,-0.009603286089778153,0.404376171897602,0.0,100
Os_LEA_or6,avg_nes,0.0017594686624411201,0.10789926063667316,0.0,100
Os_LEA_or6,avg_nis,0.005091412235483733,0.09357748649862274,0.0,100
Os_LEA_or4,nardini_Frac A_raw,0.0009555416106277137,0.14075758773811528,0.0,100
Os_LEA_or4,nardini_Frac D_raw,0.010733439665454501,0.1332391866893898,0.0,100
Os_LEA_or4,nardini_Frac E_raw,-0.01399963159627931,0.1298889765632155,0.0,100
Os_LEA_or4,nardini_Frac F_raw,-0.004339163513908573,0.1328430222193846,0.0,100
Os_LEA_or4,nardini_Frac G_raw,0.020258892121876305,0.18479782752864823,0.0,100
Os_LEA_or4,nardini_Frac H_raw,-0.014706147635785536,0.22084062162650342,0.0,100
Os_LEA_or4,nardini_Frac I_raw,0.0005617288203881414,0.22779736914534718,0.0,100
Os_LEA_or4,nardini_Frac K_raw,0.0038834374088843548,0.1274004804507227,0.0,100
Os_LEA_or4,nardini_Frac L_raw,-0.023964154566078553,0.14775389022633934,0.0,100
Os_LEA_or4,nardini_Frac M_raw,0.02317807134611364,0.17585923904338713,0.0,100
Os_LEA_or4,nardini_Frac N_raw,-0.0008479935279176462,0.13254314658804817,0.0,100
Os_LEA_or4,nardini_Frac P_raw,0.02016955151829365,0.19555261744355742,0.0,100
Os_LEA_or4,nardini_Frac Q_raw,-0.014627509710586026,0.13775361638146497,0.0,100
Os_LEA_or4,nardini_Frac R_raw,0.0011433719852798532,0.1109996573279426,0.0,100
Os_LEA_or4,nardini_Frac S_raw,0.026990661969408733,0.13824060439014482,0.0,100
Os_LEA_or4,nardini_Frac T_raw,-0.022610307462096975,0.15637603827065844,0.0,100
Os_LEA_or4,nardini_Frac V_raw,0.004136588363283507,0.13323696422447978,0.0,100
Os_LEA_or4,nardini_Frac Y_raw,-0.02838524760355098,0.15134602468829758,0.0,100
Os_LEA_or4,nardini_Frac K+R_raw,0.006384756380519485,0.20244586138063034,0.0,100
Os_LEA_or4,nardini_Frac D+E_raw,-0.00700237656376098,0.22298437408360142,0.0,100
Os_LEA_or4,nardini_Frac Polar_raw,0.012832603313783527,0.18887543574433602,0.0,100
Os_LEA_or4,nardini_Frac Aliphatic_raw,-0.03015829021607405,0.19073663532924223,0.0,100
Os_LEA_or4,nardini_Frac Aromatic_raw,-0.0008193885732786674,0.21148796264867886,0.0,100
Os_LEA_or4,nardini_R/K Ratio_raw,0.0008324537601813328,0.09717421831481285,0.0,100
Os_LEA_or4,nardini_E/D Ratio_raw,-0.007778907976099517,0.0916591223164548,0.0,100
Os_LEA_or4,nardini_Frac Chain Expanding_raw,0.008054021109128727,0.160850951973017,0.0,100
Os_LEA_or4,nardini_FCR_raw,-0.002492484318149868,0.261793756970348,0.0,100
Os_LEA_or4,nardini_NCPR_raw,-0.010574185071235394,0.24089438118194345,0.0,100
Os_LEA_or4,nardini_Hydrophobicity_raw,-0.014049119117441698,0.37151226363933426,0.0,100
Os_LEA_or4,nardini_Disorder Promoting_raw,0.012704032170066748,0.18992868350521824,0.0,100
Os_LEA_or4,nardini_Iso point_raw,0.0200254698755913,0.25325697977495437,0.0,100
Os_LEA_or4,nardini_PPII_raw,0.00763402509117516,0.2839166107552306,0.0,100
Os_LEA_or4,nardini_A Patch_raw,-0.0011976414151820519,0.12008321359295156,0.0,100
Os_LEA_or4,nardini_D Patch_raw,0.033498068889229744,0.2009593687094403,0.0,100
Os_LEA_or4,nardini_K Patch_raw,0.01925834520572319,0.12015190022292219,0.0,100
Os_LEA_or4,nardini_R Patch_raw,0.07372394070462014,0.4312674330873164,0.0,100
Os_LEA_or4,nardini_S Patch_raw,0.05560721544800993,0.24238307660986866,0.0,100
Os_LEA_or4,nardini_T Patch_raw,0.004496741163401031,0.11908156065808906,0.0,100
Os_LEA_or4,nardini_Frac A_zscore,0.0009949659231340113,0.14086739344126342,0.0,100
Os_LEA_or4,nardini_Frac D_zscore,0.003437548524536037,0.12459929028194161,0.0,100
Os_LEA_or4,nardini_Frac E_zscore,-0.00397886066674958,0.10236008979669393,0.0,100
Os_LEA_or4,nardini_Frac F_zscore,0.003337872586863797,0.10381281595722809,0.0,100
Os_LEA_or4,nardini_Frac G_zscore,0.00908537963446136,0.09789659615339835,0.0,100
Os_LEA_or4,nardini_Frac H_zscore,0.008417027279991747,0.1368156264896987,0.0,100
Os_LEA_or4,nardini_Frac K_zscore,-0.0021371409006358338,0.1272121635363339,0.0,100
Os_LEA_or4,nardini_Frac L_zscore,-0.0442410268969815,0.1077520736191665,0.0,100
Os_LEA_or4,nardini_Frac M_zscore,0.0008584524406648643,0.10182008825877398,0.0,100
Os_LEA_or4,nardini_Frac N_zscore,-0.0013456109196985852,0.0994032508839267,0.0,100
Os_LEA_or4,nardini_Frac Q_zscore,-0.009205914547301013,0.10815569524765131,0.0,100
Os_LEA_or4,nardini_Frac R_zscore,-0.0022122630978367234,0.15852903242621022,0.0,100
Os_LEA_or4,nardini_Frac S_zscore,0.017643062942373004,0.09670603341804526,0.0,100
Os_LEA_or4,nardini_Frac T_zscore,-0.0220765723873869,0.1466213198238657,0.0,100
Os_LEA_or4,nardini_Frac V_zscore,-0.00045519976061998593,0.09347416172768808,0.0,100
Os_LEA_or4,nardini_Frac Y_zscore,-0.012719483072358557,0.13721773380925073,0.0,100
Os_LEA_or4,nardini_Frac K+R_zscore,-0.0011953860709904506,0.20682152408658483,0.0,100
Os_LEA_or4,nardini_Frac D+E_zscore,-0.021095088383346446,0.21376977259335103,0.0,100
Os_LEA_or4,nardini_Frac Polar_zscore,0.008363210145590619,0.0897165371667423,0.0,100
Os_LEA_or4,nardini_Frac Aliphatic_zscore,-0.031213981839429063,0.18773484019303324,0.0,100
Os_LEA_or4,nardini_Frac Aromatic_zscore,-0.010671292732884323,0.11048404704814811,0.0,100
Os_LEA_or4,nardini_R/K Ratio_zscore,0.0057463280503718475,0.09486478447012557,0.0,100
Os_LEA_or4,nardini_E/D Ratio_zscore,-0.004911330467574044,0.09854283403775844,0.0,100
Os_LEA_or4,nardini_Frac Chain Expanding_zscore,0.0030326731389418906,0.15666696490910914,0.0,100
Os_LEA_or4,nardini_FCR_zscore,-0.017939939254766425,0.25509216087049563,0.0,100
Os_LEA_or4,nardini_NCPR_zscore,-0.011554295735582651,0.28905645035570754,0.0,100
Os_LEA_or4,nardini_Hydrophobicity_zscore,-0.004417923468321195,0.08714168167753089,0.0,100
Os_LEA_or4,nardini_Disorder Promoting_zscore,0.01572793986191886,0.14721312014977073,0.0,100
Os_LEA_or4,nardini_Iso point_zscore,0.027000161129211872,0.24326693253381487,0.0,100
Os_LEA_or4,nardini_PPII_zscore,-0.009724021863014347,0.09270069427024309,0.0,100
Os_LEA_or4,nardini_A Patch_zscore,0.008832667703531992,0.142980338420514,0.0,100
Os_LEA_or4,nardini_T Patch_zscore,0.0014802373924710879,0.21397025123981805,0.0,100
Os_LEA_or4,cider_kappa,0.010249689440497842,0.14294091901925413,0.0,100
Os_LEA_or4,cider_omega,0.005930795804042279,0.10168279703949708,0.0,100
Os_LEA_or4,cider_delta,0.012373368269925477,0.13362946865694458,0.0,100
Os_LEA_or4,cider_mean_net_charge,0.02836759613032185,0.23394617935602455,0.0,100
Os_LEA_or4,cider_fraction_neutral,0.004777021725458771,0.25811489789975833,0.0,100
Os_LEA_or4,sparrow_SCD,0.0003018819614265763,0.08886913097336532,0.0,100
Os_LEA_or4,sparrow_SHD,-0.00794572115230965,0.17948253006472048,0.0,100
Os_LEA_or4,sparrow_complexity,0.007478044283430716,0.20668020397083933,0.0,100
Os_LEA_or4,sparrow_scaled_rg,-0.017755234783445043,0.1844022016348302,0.0,100
Os_LEA_or4,sparrow_scaled_re,-0.008203048974790935,0.16804052448391682,0.0,100
Os_LEA_or4,sparrow_prefactor,0.029542735383880286,0.21214475868017918,0.0,100
Os_LEA_or4,sparrow_scaling_exponent,-0.04318687511549509,0.26238162233523427,0.0,100
Os_LEA_or4,sparrow_asphericity,-0.03876852920586831,0.2522051473142616,0.0,100
Os_LEA_or4,mpipi_epsilon_self,-0.002096118587373691,0.10776463310996769,0.0,100
Os_LEA_or4,calvados_epsilon_self,-0.005814897630288151,0.1088537697107982,0.0,100
Os_LEA_or4,avg_helix_prob,-0.020277956891749334,0.1028756502488216,0.0,100
Os_LEA_or4,avg_beta_prob,-0.00617191445762953,0.1026483706073863,0.0,100
Os_LEA_or4,avg_coil_prob,0.015644076268015613,0.10111303581826118,0.0,100
Os_LEA_or4,avg_nes,0.014494642728849825,0.10146202123070869,0.0,100
Os_LEA_or4,avg_nis,0.0036317198271747547,0.09369261100195556,0.0,100
A0A4D6M434,nardini_Frac A_raw,-0.006896352135193962,0.07895945434682528,0.0,100
A0A4D6M434,nardini_Frac C_raw,-0.027651286011960274,0.1929546483401042,0.0,100
A0A4D6M434,nardini_Frac D_raw,0.003953359156963695,0.09015535080434994,0.0,100
A0A4D6M434,nardini_Frac E_raw,0.0037500691234811307,0.08001941912132153,0.0,100
A0A4D6M434,nardini_Frac F_raw,-0.0012417352641459819,0.1832178939900586,0.0,100
A0A4D6M434,nardini_Frac G_raw,0.009570380817681438,0.09889945022786863,0.0,100
A0A4D6M434,nardini_Frac H_raw,0.01974566900727679,0.12484164652373021,0.0,100
A0A4D6M434,nardini_Frac I_raw,-0.012286583444808765,0.07595996260756879,0.0,100
A0A4D6M434,nardini_Frac K_raw,0.001504417907414451,0.0877716075879514,0.0,100
A0A4D6M434,nardini_Frac L_raw,-0.009605464745576034,0.08546557390042052,0.0,100
A0A4D6M434,nardini_Frac M_raw,0.002553877896060174,0.07068092484521474,0.0,100
A0A4D6M434,nardini_Frac N_raw,-0.0016063814085905265,0.08387110180064213,0.0,100
A0A4D6M434,nardini_Frac P_raw,0.009519649439632138,0.12377623962570923,0.0,100
A0A4D6M434,nardini_Frac Q_raw,0.0021918972515716957,0.0856652120738595,0.0,100
A0A4D6M434,nardini_Frac R_raw,-0.0014197763822348134,0.09009999269205496,0.0,100
A0A4D6M434,nardini_Frac S_raw,0.01267941483358455,0.08984212514621287,0.0,100
A0A4D6M434,nardini_Frac T_raw,0.0037100807613308475,0.09337355976215543,0.0,100
A0A4D6M434,nardini_Frac V_raw,-0.013326227174184371,0.08327523342298562,0.0,100
A0A4D6M434,nardini_Frac W_raw,-0.011229771416811895,0.22958756440669664,0.0,100
A0A4D6M434,nardini_Frac Y_raw,0.026858471146119004,0.24866834302031413,0.0,100
A0A4D6M434,nardini_Frac K+R_raw,0.007776990799385528,0.12806216793487152,0.0,100
A0A4D6M434,nardini_Frac D+E_raw,0.00347297349553344,0.13046473030485867,0.0,100
A0A4D6M434,nardini_Frac Polar_raw,0.005274979777388919,0.10083943116070246,0.0,100
A0A4D6M434,nardini_Frac Aliphatic_raw,-0.016278109255130558,0.1383217586430275,0.0,100
A0A4D6M434,nardini_Frac Aromatic_raw,0.000723434200575139,0.18604788875179565,0.0,100
A0A4D6M434,nardini_R/K Ratio_raw,-0.0035758383536088974,0.061617242473182676,0.0,100
A0A4D6M434,nardini_E/D Ratio_raw,-0.008878146280155173,0.08584170193784121,0.0,100
A0A4D6M434,nardini_Frac Chain Expanding_raw,0.005510154909685149,0.13845397456103678,0.0,100
A0A4D6M434,nardini_FCR_raw,0.015527494964158443,0.15586306180954326,0.0,100
A0A4D6M434,nardini_NCPR_raw,0.004564863076636878,0.1348002683496757,0.0,100
A0A4D6M434,nardini_Hydrophobicity_raw,-0.00421059925209362,0.17404497611438752,0.0,100
A0A4D6M434,nardini_Disorder Promoting_raw,0.0072733178593645835,0.08487650304757724,0.0,100
A0A4D6M434,nardini_Iso point_raw,0.002111840235312865,0.13749589991922925,0.0,100
A0A4D6M434,nardini_PPII_raw,-0.005593707531900143,0.18915571513438553,0.0,100
A0A4D6M434,nardini_A Patch_raw,0.0011622027152425336,0.0799823178777929,0.0,100
A0A4D6M434,nardini_D Patch_raw,-0.008666375099380185,0.2556835400505965,0.0,100
A0A4D6M434,nardini_E Patch_raw,-0.0030199184314187023,0.06972024907823843,0.0,100
A0A4D6M434,nardini_K Patch_raw,0.014146926710226765,0.13896116694044536,0.0,100
A0A4D6M434,nardini_N Patch_raw,-0.0773289783310316,0.3856401895245261,0.0,100
A0A4D6M434,nardini_Q Patch_raw,-0.03484515045192224,0.4268370486705956,0.0,100
A0A4D6M434,nardini_R Patch_raw,-0.03583452461630281,0.25546859526480026,0.0,100
A0A4D6M434,nardini_Frac A_zscore,-0.0041558303929671945,0.07707972435899806,0.0,100
A0A4D6M434,nardini_Frac D_zscore,0.001203013917199282,0.06381333820326926,0.0,100
A0A4D6M434,nardini_Frac E_zscore,-0.001392174008440486,0.08069931410778101,0.0,100
A0A4D6M434,nardini_Frac G_zscore,0.003921715075600211,0.05699122983674509,0.0,100
A0A4D6M434,nardini_Frac H_zscore,-0.005800862828421253,0.06705754809188923,0.0,100
A0A4D6M434,nardini_Frac I_zscore,-0.006365868919630083,0.13056655382569027,0.0,100
A0A4D6M434,nardini_Frac K_zscore,-0.0018792149535748037,0.09442266290189738,0.0,100
A0A4D6M434,nardini_Frac L_zscore,-0.022080469884564708,0.06517129756929409,0.0,100
A0A4D6M434,nardini_Frac M_zscore,0.0019763651667394325,0.07110059626047058,0.0,100
A0A4D6M434,nardini_Frac N_zscore,-0.0046947985476624085,0.07261684553353097,0.0,100
A0A4D6M434,nardini_Frac Q_zscore,-0.012336232756472358,0.0698680042438015,0.0,100
A0A4D6M434,nardini_Frac R_zscore,0.0035574010958597637,0.11694627370791995,0.0,100
A0A4D6M434,nardini_Frac S_zscore,0.002250096753760632,0.06579459542385882,0.0,100
A0A4D6M434,nardini_Frac T_zscore,0.003227779802437485,0.07494196491372154,0.0,100
A0A4D6M434,nardini_Frac V_zscore,-0.0007677534666048613,0.09467631946058881,0.0,100
A0A4D6M434,nardini_Frac K+R_zscore,0.0003525121766693836,0.136959619454204,0.0,100
A0A4D6M434,nardini_Frac D+E_zscore,-0.003968809875488992,0.0655090061276908,0.0,100
A0A4D6M434,nardini_Frac Polar_zscore,0.0004906339152032086,0.06349828209800579,0.0,100
A0A4D6M434,nardini_Frac Aliphatic_zscore,-0.01908415079588298,0.11962361194916665,0.0,100
A0A4D6M434,nardini_R/K Ratio_zscore,-0.002259873044556933,0.06646383262563349,0.0,100
A0A4D6M434,nardini_E/D Ratio_zscore,-0.007941478989888165,0.09171780685385086,0.0,100
A0A4D6M434,nardini_Frac Chain Expanding_zscore,0.0011232551823348081,0.06979422721077691,0.0,100
A0A4D6M434,nardini_FCR_zscore,0.011123137561011227,0.16339334683849263,0.0,100
A0A4D6M434,nardini_NCPR_zscore,0.006694715733037796,0.14241059577469165,0.0,100
A0A4D6M434,nardini_Hydrophobicity_zscore,-0.016373743891202136,0.07922584021805483,0.0,100
A0A4D6M434,nardini_Disorder Promoting_zscore,0.004725764778143099,0.06348407147022915,0.0,100
A0A4D6M434,nardini_Iso point_zscore,-0.0038496226848050256,0.08356823689636153,0.0,100
A0A4D6M434,nardini_PPII_zscore,0.0008666837399589707,0.0814957570637613,0.0,100
A0A4D6M434,nardini_E Patch_zscore,0.012227498748112986,0.15590376885566662,0.0,100
A0A4D6M434,cider_kappa,0.00409827404369483,0.07634942061042171,0.0,100
A0A4D6M434,cider_omega,-0.0003312844882704133,0.08027037710701011,0.0,100
A0A4D6M434,cider_delta,0.004996573079258951,0.0770303994155602,0.0,100
A0A4D6M434,cider_mean_net_charge,-0.014222122054081725,0.1252585390609359,0.0,100
A0A4D6M434,cider_fraction_neutral,-0.0123662289503271,0.16450783172047354,0.0,100
A0A4D6M434,sparrow_SCD,-0.008065907143423985,0.05719465477596464,0.0,100
A0A4D6M434,sparrow_SHD,-0.02506095632177636,0.1697350146906729,0.0,100
A0A4D6M434,sparrow_complexity,-0.0029458339505555615,0.09870781952895169,0.0,100
A0A4D6M434,sparrow_scaled_rg,-0.022195802732525617,0.17757024814770964,0.0,100
A0A4D6M434,sparrow_scaled_re,-0.01851518273922114,0.14203162314885234,0.0,100
A0A4D6M434,sparrow_prefactor,-0.004247770147713071,0.14463192332689842,0.0,100
A0A4D6M434,sparrow_scaling_exponent,-0.010049997533683819,0.15213262407727524,0.0,100
A0A4D6M434,sparrow_asphericity,-0.013869923140040883,0.1607675000017403,0.0,100
A0A4D6M434,mpipi_epsilon_self,-0.00474453706091322,0.05933759894389653,0.0,100
A0A4D6M434,calvados_epsilon_self,-0.003588511749914346,0.05442288852615727,0.0,100
A0A4D6M434,avg_helix_prob,-0.010565387745276416,0.07836344246933179,0.0,100
A0A4D6M434,avg_beta_prob,-0.0012043227720249024,0.060773776892512656,0.0,100
A0A4D6M434,avg_coil_prob,0.011855874581755575,0.05979428044704426,0.0,100
A0A4D6M434,avg_mito_targeting,0.0017895525403303558,0.1900633515781611,0.0,100
A0A4D6M434,avg_nes,0.00443737232414327,0.06757240541010895,0.0,100
A0A4D6M434,avg_nis,-0.0018810779365647271,0.07259644779773697,0.0,100
