feature,pvalue,top_median,bottom_median,top_n,bottom_n,padj,significant,direction
nardini_Frac I_raw,4.3943134809805625e-17,0.0,0.038961039,209,52,2.4608155493491152e-15,True,Bottom > Top
sparrow_complexity,5.364654320508694e-16,0.760895079,0.859136073,209,52,1.5021032097424343e-14,True,Bottom > Top
avg_beta_prob,1.4806531714981616e-15,0.003202187,0.037770092500000005,209,52,2.7638859201299017e-14,True,Bottom > Top
calvados_epsilon_self,2.976269636239487e-12,17.808848675,7.413306793,216,63,3.372400351522933e-11,True,Top > Bottom
nardini_Frac M_raw,3.0110717424311898e-12,0.011235955,0.0414585415,209,52,3.372400351522933e-11,True,Bottom > Top
nardini_Frac A_raw,1.3945188360867407e-11,0.181818182,0.077922078,209,52,1.3015509136809582e-10,True,Top > Bottom
nardini_Disorder Promoting_raw,2.751418966998437e-11,0.835164835,0.714285714,209,52,2.2011351735987497e-10,True,Top > Bottom
cider_length,1.7294953927808818e-09,91.0,77.0,209,52,1.2106467749466173e-08,True,Top > Bottom
nardini_A Patch_raw,4.585010263820259e-09,0.120879121,0.0,209,52,2.852895275265939e-08,True,Top > Bottom
nardini_Frac L_raw,1.317094665825257e-08,0.032967033,0.05994006,209,52,7.375730128621439e-08,True,Bottom > Top
nardini_Frac H_raw,1.1020579262956902e-07,0.0,0.012987013,209,52,5.61047671568715e-07,True,Bottom > Top
nardini_Frac V_raw,1.2713915147568685e-07,0.021978022,0.0625,209,52,5.93316040219872e-07,True,Bottom > Top
nardini_Frac P_raw,3.35884185562142e-07,0.010989011,0.049180328,209,52,1.4468857224215348e-06,True,Bottom > Top
nardini_Hydrophobicity_raw,6.451096364008203e-07,3.352808989,3.6233766235,209,52,2.5804385456032813e-06,True,Bottom > Top
nardini_Frac D_raw,4.013170769586783e-06,0.087912088,0.049180328,209,52,1.4982504206457324e-05,True,Top > Bottom
cider_mean_net_charge,8.943389692567092e-06,0.025974026,0.054945055,209,52,3.1301863923984825e-05,True,Bottom > Top
nardini_E/D Ratio_raw,6.002599857704031e-05,-0.051152522,0.2090716975,209,52,0.00019773270119495634,True,Bottom > Top
nardini_Frac D+E_raw,0.00024522741955295286,0.181818182,0.163934426,209,52,0.0007629297497202978,True,Top > Bottom
mpipi_epsilon_self,0.0004705882467433338,7.08753113,5.278380991,216,63,0.001386996937769826,True,Top > Bottom
cider_fraction_neutral,0.0005407656592981779,0.605263158,0.688311688,209,52,0.0014420417581284745,True,Bottom > Top
nardini_FCR_raw,0.0005407656592981779,0.394736842,0.311688312,209,52,0.0014420417581284745,True,Top > Bottom
nardini_Frac F_raw,0.0015408222019740775,0.0,0.011988012,209,52,0.003922092877752198,True,Bottom > Top
nardini_Iso point_raw,0.002012700111517924,8.75,9.1875,209,52,0.004811588740640701,True,Bottom > Top
nardini_NCPR_raw,0.002062109460274586,0.010989011,0.021183734500000002,209,52,0.004811588740640701,True,Bottom > Top
nardini_Frac Chain Expanding_raw,0.0021581497902492925,0.406593407,0.36313686349999996,209,52,0.0048342555301584145,True,Top > Bottom
cider_kappa,0.0035196010131065742,0.1184514425,0.166599111,200,52,0.007580679105152621,True,Bottom > Top
avg_helix_prob,0.004145696675911354,0.32777372,0.178589635,209,52,0.008598481994482808,True,Top > Bottom
nardini_K Patch_raw,0.005015392822049996,0.0,0.0,209,52,0.010030785644099992,True,Bottom > Top
nardini_Frac S_raw,0.006736401604735286,0.043956044,0.06557377,209,52,0.013008223788454343,True,Bottom > Top
cider_delta,0.011337513342968987,0.032010517,0.046566416,209,52,0.021163358240208777,True,Bottom > Top
nardini_Frac N_raw,0.014915947923378548,0.021978022,0.032876959,209,52,0.026944938184167697,True,Bottom > Top
sparrow_scaled_rg,0.01617433457260228,27.89436061,26.546479474999998,209,52,0.028305085502053993,True,Top > Bottom
nardini_R/K Ratio_raw,0.0219932416231141,-0.397940009,-0.234083206,209,52,0.037321864572557255,True,Bottom > Top
sparrow_SCD,0.025058158788745306,-0.194400015,-0.1412634135,209,52,0.04127226153440404,True,Bottom > Top
avg_nis,0.02754018614917832,0.032635164,0.0095888975,209,52,0.04406429783868531,True,Top > Bottom
sparrow_scaled_re,0.029936570621701665,67.10718324,64.293926805,209,52,0.046567998744869256,True,Top > Bottom
sparrow_asphericity,0.05005646253493079,0.43331254,0.440569045,209,52,0.07576113248530066,False,Bottom > Top
nardini_Frac Polar_raw,0.05306736271636753,0.246753247,0.296703297,209,52,0.07820453452938372,False,Bottom > Top
avg_coil_prob,0.07869678499087612,0.650964439,0.778776288,209,52,0.11300051178177085,False,Bottom > Top
sparrow_prefactor,0.150420510763202,6.027566,6.09910675,209,52,0.20889276428633854,False,Bottom > Top
nardini_Frac Y_raw,0.15415202222924526,0.0,0.0,209,52,0.20889276428633854,False,Bottom > Top
nardini_Frac R_raw,0.15666957321475392,0.043956044,0.029470529500000002,209,52,0.20889276428633854,False,Top > Bottom
nardini_Frac K_raw,0.17837192979163619,0.153846154,0.142857143,209,52,0.23229832717050292,False,Top > Bottom
sparrow_SHD,0.1962557930081099,4.879396842,4.909041279,209,52,0.2497801001921399,False,Bottom > Top
sparrow_scaling_exponent,0.23298080554951484,0.568198065,0.573885,200,52,0.2899316691282851,False,Bottom > Top
nardini_Frac W_raw,0.31137141173467564,0.0,0.0,209,52,0.3790608490683008,False,Bottom > Top
nardini_Frac Aliphatic_raw,0.3282069304106531,0.280898876,0.33106238050000003,209,52,0.3842939295489022,False,Bottom > Top
nardini_Frac Q_raw,0.32939479675620187,0.010989011,0.016393443,209,52,0.3842939295489022,False,Bottom > Top
nardini_Frac K+R_raw,0.3697849383944992,0.208791209,0.1940600385,209,52,0.4183258418781769,False,Top > Bottom
avg_nes,0.37350521596265795,0.012831282,0.015789023,209,52,0.4183258418781769,False,Bottom > Top
nardini_PPII_raw,0.42433880273202207,0.370769231,0.37346153849999997,209,52,0.46594064613712227,False,Bottom > Top
nardini_Frac Aromatic_raw,0.575176877220263,0.021978022,0.035873962,209,52,0.6176177439833458,False,Bottom > Top
nardini_Frac E_raw,0.5845310791270951,0.076923077,0.065934066,209,52,0.6176177439833458,False,Top > Bottom
cider_omega,0.6772624199492203,0.132183694,0.134510408,203,52,0.7023462132806729,False,Bottom > Top
nardini_Frac G_raw,0.9709835619801751,0.032967033,0.0644355645,209,52,0.9886378085616329,False,Bottom > Top
nardini_Frac T_raw,0.9917777934784452,0.077922078,0.07192807200000001,209,52,0.9917777934784452,False,Top > Bottom
